u_1	u_2	z_1	z_2	Obj	ϕ_1	ϕ_2
0.000000	1.000000	3.000000	1.255914	-0.194216	1.000000	-0.728958	1.728958
0.001000	0.999000	3.000000	1.256498	-0.194252	0.999372	-0.728536	1.727908
0.002000	0.998000	3.000000	1.257083	-0.194288	0.998745	-0.728113	1.726858
0.003000	0.997000	3.000000	1.257670	-0.194323	0.998117	-0.727691	1.725808
0.004000	0.996000	3.000000	1.258258	-0.194359	0.997490	-0.727269	1.724758
0.005000	0.995000	3.000000	1.258847	-0.194395	0.996863	-0.726846	1.723709
0.006000	0.994000	3.000000	1.259437	-0.194431	0.996235	-0.726424	1.722659
0.007000	0.993000	3.000000	1.260028	-0.194467	0.995608	-0.726002	1.721610
0.008000	0.992000	3.000000	1.260620	-0.194504	0.994981	-0.725580	1.720561
0.009000	0.99ss1000	3.000000	1.261214	-0.194540	0.994354	-0.725158	1.719512
0.010000	0.990000	3.000000	1.261809	-0.194576	0.993727	-0.724736	1.718463
0.011000	0.989000	3.000000	1.262405	-0.194613	0.993100	-0.724314	1.717414
0.012000	0.988000	3.000000	1.263002	-0.194649	0.992473	-0.723893	1.716366
0.013000	0.987000	3.000000	1.263601	-0.194686	0.991846	-0.723471	1.715317
0.014000	0.986000	3.000000	1.264201	-0.194722	0.991219	-0.723049	1.714269
0.015000	0.985000	3.000000	1.264802	-0.194759	0.990593	-0.722628	1.713221
0.016000	0.984000	3.000000	1.265404	-0.194796	0.989966	-0.722206	1.712173
0.017000	0.983000	3.000000	1.266007	-0.194833	0.989340	-0.721785	1.711125
0.018000	0.982000	3.000000	1.266612	-0.194870	0.988713	-0.721364	1.710077
0.019000	0.981000	3.000000	1.267218	-0.194907	0.988087	-0.720943	1.709029
0.020000	0.980000	3.000000	1.267825	-0.194944	0.987460	-0.720521	1.707982
0.021000	0.979000	3.000000	1.268433	-0.194981	0.986834	-0.720100	1.706934
0.022000	0.978000	3.000000	1.269043	-0.195018	0.986208	-0.719679	1.705887
0.023000	0.977000	3.000000	1.269654	-0.195055	0.985582	-0.719258	1.704840
0.024000	0.976000	3.000000	1.270266	-0.195093	0.984956	-0.718837	1.703793
0.025000	0.975000	3.000000	1.270879	-0.195130	0.984330	-0.718417	1.702747
0.026000	0.974000	3.000000	1.271494	-0.195168	0.983704	-0.717996	1.701700
0.027000	0.973000	3.000000	1.272109	-0.195205	0.983078	-0.717575	1.700653
0.028000	0.972000	3.000000	1.272727	-0.195243	0.982453	-0.717154	1.699607
0.029000	0.971000	3.000000	1.273345	-0.195281	0.981827	-0.716734	1.698561
0.030000	0.970000	3.000000	1.273965	-0.195319	0.981201	-0.716314	1.697515
0.031000	0.969000	3.000000	1.274586	-0.195357	0.980576	-0.715893	1.696469
0.032000	0.968000	3.000000	1.275208	-0.195395	0.979950	-0.715473	1.695423
0.033000	0.967000	3.000000	1.275832	-0.195433	0.979325	-0.715053	1.694378
0.034000	0.966000	3.000000	1.276456	-0.195471	0.978700	-0.714632	1.693332
0.035000	0.965000	3.000000	1.277083	-0.195509	0.978074	-0.714212	1.692287
0.036000	0.964000	3.000000	1.277710	-0.195547	0.977449	-0.713792	1.691242
0.037000	0.963000	3.000000	1.278339	-0.195586	0.976824	-0.713372	1.690197
0.038000	0.962000	3.000000	1.278969	-0.195624	0.976199	-0.712953	1.689152
0.039000	0.961000	3.000000	1.279600	-0.195663	0.975574	-0.712533	1.688107
0.040000	0.960000	3.000000	1.280233	-0.195702	0.974949	-0.712113	1.687063
0.041000	0.959000	3.000000	1.280867	-0.195740	0.974325	-0.711693	1.686018
0.042000	0.958000	3.000000	1.281502	-0.195779	0.973700	-0.711274	1.684974
0.043000	0.957000	3.000000	1.282139	-0.195818	0.973075	-0.710854	1.683930
0.044000	0.956000	3.000000	1.282777	-0.195857	0.972451	-0.710435	1.682886
0.045000	0.955000	3.000000	1.283416	-0.195896	0.971826	-0.710016	1.681842
0.046000	0.954000	3.000000	1.284057	-0.195935	0.971202	-0.709596	1.680798
0.047000	0.953000	3.000000	1.284699	-0.195974	0.970578	-0.709177	1.679755
0.048000	0.952000	3.000000	1.285342	-0.196014	0.969953	-0.708758	1.678712
0.049000	0.951000	3.000000	1.285987	-0.196053	0.969329	-0.708339	1.677668
0.050000	0.950000	3.000000	1.286633	-0.196093	0.968705	-0.707920	1.676625
0.051000	0.949000	3.000000	1.287281	-0.196132	0.968081	-0.707501	1.675582
0.052000	0.948000	3.000000	1.287930	-0.196172	0.967457	-0.707082	1.674540
0.053000	0.947000	3.000000	1.288580	-0.196211	0.966834	-0.706664	1.673497
0.054000	0.946000	3.000000	1.289231	-0.196251	0.966210	-0.706245	1.672455
0.055000	0.945000	3.000000	1.289884	-0.196291	0.965586	-0.705827	1.671413
0.056000	0.944000	3.000000	1.290539	-0.196331	0.964962	-0.705408	1.670371
0.057000	0.943000	3.000000	1.291195	-0.196371	0.964339	-0.704990	1.669329
0.058000	0.942000	3.000000	1.291852	-0.196411	0.963716	-0.704571	1.668287
0.059000	0.941000	3.000000	1.292510	-0.196452	0.963092	-0.704153	1.667245
0.060000	0.940000	3.000000	1.293170	-0.196492	0.962469	-0.703735	1.666204
0.061000	0.939000	3.000000	1.293832	-0.196532	0.961846	-0.703317	1.665163
0.062000	0.938000	3.000000	1.294494	-0.196573	0.961223	-0.702899	1.664121
0.063000	0.937000	3.000000	1.295159	-0.196613	0.960600	-0.702481	1.663080
0.064000	0.936000	3.000000	1.295824	-0.196654	0.959977	-0.702063	1.662040
0.065000	0.935000	3.000000	1.296491	-0.196695	0.959354	-0.701645	1.660999
0.066000	0.934000	3.000000	1.297160	-0.196736	0.958731	-0.701228	1.659959
0.067000	0.933000	3.000000	1.297830	-0.196776	0.958108	-0.700810	1.658918
0.068000	0.932000	3.000000	1.298501	-0.196817	0.957486	-0.700393	1.657878
0.069000	0.931000	3.000000	1.299174	-0.196859	0.956863	-0.699975	1.656838
0.070000	0.930000	3.000000	1.299848	-0.196900	0.956241	-0.699558	1.655798
0.071000	0.929000	3.000000	1.300524	-0.196941	0.955618	-0.699141	1.654759
0.072000	0.928000	3.000000	1.301201	-0.196982	0.954996	-0.698723	1.653719
0.073000	0.927000	3.000000	1.301880	-0.197024	0.954374	-0.698306	1.652680
0.074000	0.926000	3.000000	1.302560	-0.197065	0.953752	-0.697889	1.651641
0.075000	0.925000	3.000000	1.303241	-0.197107	0.953130	-0.697472	1.650602
0.076000	0.924000	3.000000	1.303924	-0.197149	0.952508	-0.697056	1.649563
0.077000	0.923000	3.000000	1.304609	-0.197191	0.951886	-0.696639	1.648525
0.078000	0.922000	3.000000	1.305295	-0.197232	0.951264	-0.696222	1.647486
0.079000	0.921000	3.000000	1.305982	-0.197274	0.950642	-0.695806	1.646448
0.080000	0.920000	3.000000	1.306671	-0.197317	0.950021	-0.695389	1.645410
0.081000	0.919000	3.000000	1.307362	-0.197359	0.949399	-0.694973	1.644372
0.082000	0.918000	3.000000	1.308054	-0.197401	0.948778	-0.694556	1.643334
0.083000	0.917000	3.000000	1.308747	-0.197443	0.948156	-0.694140	1.642296
0.084000	0.916000	3.000000	1.309442	-0.197486	0.947535	-0.693724	1.641259
0.085000	0.915000	3.000000	1.310139	-0.197528	0.946914	-0.693308	1.640222
0.086000	0.914000	3.000000	1.310837	-0.197571	0.946293	-0.692892	1.639185
0.087000	0.913000	3.000000	1.311537	-0.197614	0.945672	-0.692476	1.638148
0.088000	0.912000	3.000000	1.312238	-0.197657	0.945051	-0.692060	1.637111
0.089000	0.911000	3.000000	1.312941	-0.197699	0.944430	-0.691645	1.636075
0.090000	0.910000	3.000000	1.313645	-0.197742	0.943809	-0.691229	1.635038
0.091000	0.909000	3.000000	1.314351	-0.197786	0.943189	-0.690813	1.634002
0.092000	0.908000	3.000000	1.315058	-0.197829	0.942568	-0.690398	1.632966
0.093000	0.907000	3.000000	1.315767	-0.197872	0.941948	-0.689983	1.631930
0.094000	0.906000	3.000000	1.316477	-0.197916	0.941327	-0.689567	1.630895
0.095000	0.905000	3.000000	1.317190	-0.197959	0.940707	-0.689152	1.629859
0.096000	0.904000	3.000000	1.317903	-0.198003	0.940087	-0.688737	1.628824
0.097000	0.903000	3.000000	1.318618	-0.198046	0.939467	-0.688322	1.627789
0.098000	0.902000	3.000000	1.319335	-0.198090	0.938847	-0.687907	1.626754
0.099000	0.901000	3.000000	1.320054	-0.198134	0.938227	-0.687492	1.625719
0.100000	0.900000	3.000000	1.320774	-0.198178	0.937607	-0.687078	1.624685
0.101000	0.899000	3.000000	1.321495	-0.198222	0.936987	-0.686663	1.623650
0.102000	0.898000	3.000000	1.322219	-0.198266	0.936368	-0.686248	1.622616
0.103000	0.897000	3.000000	1.322943	-0.198310	0.935748	-0.685834	1.621582
0.104000	0.896000	3.000000	1.323670	-0.198355	0.935129	-0.685420	1.620548
0.105000	0.895000	3.000000	1.324398	-0.198399	0.934509	-0.685005	1.619515
0.106000	0.894000	3.000000	1.325128	-0.198444	0.933890	-0.684591	1.618481
0.107000	0.893000	3.000000	1.325859	-0.198489	0.933271	-0.684177	1.617448
0.108000	0.892000	3.000000	1.326592	-0.198533	0.932652	-0.683763	1.616415
0.109000	0.891000	3.000000	1.327327	-0.198578	0.932033	-0.683349	1.615382
0.110000	0.890000	3.000000	1.328063	-0.198623	0.931414	-0.682936	1.614349
0.111000	0.889000	3.000000	1.328801	-0.198668	0.930795	-0.682522	1.613317
0.112000	0.888000	3.000000	1.329541	-0.198713	0.930176	-0.682108	1.612284
0.113000	0.887000	3.000000	1.330282	-0.198759	0.929558	-0.681695	1.611252
0.114000	0.886000	3.000000	1.331025	-0.198804	0.928939	-0.681281	1.610220
0.115000	0.885000	3.000000	1.331770	-0.198850	0.928321	-0.680868	1.609189
0.116000	0.884000	3.000000	1.332516	-0.198895	0.927702	-0.680455	1.608157
0.117000	0.883000	3.000000	1.333264	-0.198941	0.927084	-0.680042	1.607126
0.118000	0.882000	3.000000	1.334014	-0.198987	0.926466	-0.679629	1.606095
0.119000	0.881000	3.000000	1.334765	-0.199033	0.925848	-0.679216	1.605064
0.120000	0.880000	3.000000	1.335519	-0.199079	0.925230	-0.678803	1.604033
0.121000	0.879000	3.000000	1.336274	-0.199125	0.924612	-0.678390	1.603002
0.122000	0.878000	3.000000	1.337030	-0.199171	0.923995	-0.677978	1.601972
0.123000	0.877000	3.000000	1.337788	-0.199217	0.923377	-0.677565	1.600942
0.124000	0.876000	3.000000	1.338549	-0.199264	0.922759	-0.677153	1.599912
0.125000	0.875000	3.000000	1.339310	-0.199310	0.922142	-0.676740	1.598882
0.126000	0.874000	3.000000	1.340074	-0.199357	0.921525	-0.676328	1.597853
0.127000	0.873000	3.000000	1.340839	-0.199404	0.920907	-0.675916	1.596823
0.128000	0.872000	3.000000	1.341606	-0.199450	0.920290	-0.675504	1.595794
0.129000	0.871000	3.000000	1.342375	-0.199497	0.919673	-0.675092	1.594765
0.130000	0.870000	3.000000	1.343146	-0.199545	0.919056	-0.674680	1.593736
0.131000	0.869000	3.000000	1.343918	-0.199592	0.918439	-0.674268	1.592708
0.132000	0.868000	3.000000	1.344692	-0.199639	0.917823	-0.673857	1.591680
0.133000	0.867000	3.000000	1.345468	-0.199686	0.917206	-0.673445	1.590651
0.134000	0.866000	3.000000	1.346246	-0.199734	0.916590	-0.673034	1.589623
0.135000	0.865000	3.000000	1.347026	-0.199782	0.915973	-0.672623	1.588596
0.136000	0.864000	3.000000	1.347807	-0.199829	0.915357	-0.672211	1.587568
0.137000	0.863000	3.000000	1.348590	-0.199877	0.914741	-0.671800	1.586541
0.138000	0.862000	3.000000	1.349375	-0.199925	0.914125	-0.671389	1.585514
0.139000	0.861000	3.000000	1.350162	-0.199973	0.913509	-0.670978	1.584487
0.140000	0.860000	3.000000	1.350951	-0.200021	0.912893	-0.670567	1.583460
0.141000	0.859000	3.000000	1.351741	-0.200070	0.912277	-0.670157	1.582434
0.142000	0.858000	3.000000	1.352534	-0.200118	0.911661	-0.669746	1.581407
0.143000	0.857000	3.000000	1.353328	-0.200166	0.911046	-0.669336	1.580381
0.144000	0.856000	3.000000	1.354124	-0.200215	0.910430	-0.668925	1.579356
0.145000	0.855000	3.000000	1.354922	-0.200264	0.909815	-0.668515	1.578330
0.146000	0.854000	3.000000	1.355722	-0.200313	0.909200	-0.668105	1.577305
0.147000	0.853000	3.000000	1.356524	-0.200362	0.908584	-0.667695	1.576279
0.148000	0.852000	3.000000	1.357327	-0.200411	0.907969	-0.667285	1.575254
0.149000	0.851000	3.000000	1.358133	-0.200460	0.907354	-0.666875	1.574230
0.150000	0.850000	3.000000	1.358940	-0.200509	0.906740	-0.666465	1.573205
0.151000	0.849000	3.000000	1.359749	-0.200559	0.906125	-0.666056	1.572181
0.152000	0.848000	3.000000	1.360561	-0.200608	0.905510	-0.665646	1.571157
0.153000	0.847000	3.000000	1.361374	-0.200658	0.904896	-0.665237	1.570133
0.154000	0.846000	3.000000	1.362189	-0.200708	0.904282	-0.664828	1.569109
0.155000	0.845000	3.000000	1.363006	-0.200758	0.903667	-0.664418	1.568086
0.156000	0.844000	3.000000	1.363825	-0.200808	0.903053	-0.664009	1.567062
0.157000	0.843000	3.000000	1.364645	-0.200858	0.902439	-0.663600	1.566039
0.158000	0.842000	3.000000	1.365468	-0.200908	0.901825	-0.663192	1.565017
0.159000	0.841000	3.000000	1.366293	-0.200958	0.901211	-0.662783	1.563994
0.160000	0.840000	3.000000	1.367120	-0.201009	0.900598	-0.662374	1.562972
0.161000	0.839000	3.000000	1.367949	-0.201060	0.899984	-0.661966	1.561950
0.162000	0.838000	3.000000	1.368779	-0.201110	0.899371	-0.661557	1.560928
0.163000	0.837000	3.000000	1.369612	-0.201161	0.898757	-0.661149	1.559906
0.164000	0.836000	3.000000	1.370447	-0.201212	0.898144	-0.660741	1.558885
0.165000	0.835000	3.000000	1.371283	-0.201263	0.897531	-0.660333	1.557864
0.166000	0.834000	3.000000	1.372122	-0.201314	0.896918	-0.659925	1.556843
0.167000	0.833000	3.000000	1.372963	-0.201366	0.896305	-0.659517	1.555822
0.168000	0.832000	3.000000	1.373806	-0.201417	0.895692	-0.659109	1.554801
0.169000	0.831000	3.000000	1.374650	-0.201469	0.895079	-0.658702	1.553781
0.170000	0.830000	3.000000	1.375497	-0.201521	0.894467	-0.658294	1.552761
0.171000	0.829000	3.000000	1.376346	-0.201573	0.893854	-0.657887	1.551741
0.172000	0.828000	3.000000	1.377197	-0.201624	0.893242	-0.657480	1.550722
0.173000	0.827000	3.000000	1.378050	-0.201677	0.892630	-0.657073	1.549703
0.174000	0.826000	3.000000	1.378905	-0.201729	0.892018	-0.656666	1.548683
0.175000	0.825000	3.000000	1.379762	-0.201781	0.891406	-0.656259	1.547665
0.176000	0.824000	3.000000	1.380621	-0.201834	0.890794	-0.655852	1.546646
0.177000	0.823000	3.000000	1.381483	-0.201886	0.890182	-0.655445	1.545628
0.178000	0.822000	3.000000	1.382346	-0.201939	0.889571	-0.655039	1.544610
0.179000	0.821000	3.000000	1.383212	-0.201992	0.888959	-0.654632	1.543592
0.180000	0.820000	3.000000	1.384079	-0.202045	0.888348	-0.654226	1.542574
0.181000	0.819000	3.000000	1.384949	-0.202098	0.887737	-0.653820	1.541557
0.182000	0.818000	3.000000	1.385821	-0.202151	0.887126	-0.653414	1.540539
0.183000	0.817000	3.000000	1.386695	-0.202205	0.886515	-0.653008	1.539523
0.184000	0.816000	3.000000	1.387571	-0.202258	0.885904	-0.652602	1.538506
0.185000	0.815000	3.000000	1.388450	-0.202312	0.885293	-0.652197	1.537489
0.186000	0.814000	3.000000	1.389330	-0.202366	0.884682	-0.651791	1.536473
0.187000	0.813000	3.000000	1.390213	-0.202420	0.884072	-0.651386	1.535457
0.188000	0.812000	3.000000	1.391098	-0.202474	0.883461	-0.650980	1.534442
0.189000	0.811000	3.000000	1.391985	-0.202528	0.882851	-0.650575	1.533426
0.190000	0.810000	3.000000	1.392874	-0.202582	0.882241	-0.650170	1.532411
0.191000	0.809000	3.000000	1.393765	-0.202637	0.881631	-0.649765	1.531396
0.192000	0.808000	3.000000	1.394659	-0.202691	0.881021	-0.649360	1.530382
0.193000	0.807000	3.000000	1.395555	-0.202746	0.880412	-0.648956	1.529367
0.194000	0.806000	3.000000	1.396453	-0.202801	0.879802	-0.648551	1.528353
0.195000	0.805000	3.000000	1.397353	-0.202856	0.879192	-0.648147	1.527339
0.196000	0.804000	3.000000	1.398256	-0.202911	0.878583	-0.647742	1.526326
0.197000	0.803000	3.000000	1.399161	-0.202966	0.877974	-0.647338	1.525312
0.198000	0.802000	3.000000	1.400068	-0.203022	0.877365	-0.646934	1.524299
0.199000	0.801000	3.000000	1.400977	-0.203077	0.876756	-0.646530	1.523286
0.200000	0.800000	3.000000	1.401889	-0.203133	0.876147	-0.646127	1.522274
0.201000	0.799000	3.000000	1.402803	-0.203189	0.875538	-0.645723	1.521261
0.202000	0.798000	3.000000	1.403719	-0.203245	0.874930	-0.645319	1.520249
0.203000	0.797000	3.000000	1.404638	-0.203301	0.874321	-0.644916	1.519237
0.204000	0.796000	3.000000	1.405559	-0.203357	0.873713	-0.644513	1.518226
0.205000	0.795000	3.000000	1.406482	-0.203413	0.873105	-0.644110	1.517215
0.206000	0.794000	3.000000	1.407407	-0.203470	0.872497	-0.643707	1.516204
0.207000	0.793000	3.000000	1.408335	-0.203527	0.871889	-0.643304	1.515193
0.208000	0.792000	3.000000	1.409265	-0.203583	0.871281	-0.642901	1.514182
0.209000	0.791000	3.000000	1.410198	-0.203640	0.870673	-0.642499	1.513172
0.210000	0.790000	3.000000	1.411133	-0.203697	0.870066	-0.642096	1.512162
0.211000	0.789000	3.000000	1.412070	-0.203755	0.869459	-0.641694	1.511153
0.212000	0.788000	3.000000	1.413010	-0.203812	0.868851	-0.641292	1.510143
0.213000	0.787000	3.000000	1.413952	-0.203870	0.868244	-0.640890	1.509134
0.214000	0.786000	3.000000	1.414896	-0.203927	0.867637	-0.640488	1.508125
0.215000	0.785000	3.000000	1.415843	-0.203985	0.867031	-0.640086	1.507117
0.216000	0.784000	3.000000	1.416793	-0.204043	0.866424	-0.639685	1.506108
0.217000	0.783000	3.000000	1.417744	-0.204101	0.865817	-0.639283	1.505100
0.218000	0.782000	3.000000	1.418699	-0.204160	0.865211	-0.638882	1.504093
0.219000	0.781000	3.000000	1.419655	-0.204218	0.864605	-0.638481	1.503085
0.220000	0.780000	3.000000	1.420614	-0.204277	0.863999	-0.638080	1.502078
0.221000	0.779000	3.000000	1.421576	-0.204335	0.863393	-0.637679	1.501071
0.222000	0.778000	3.000000	1.422540	-0.204394	0.862787	-0.637278	1.500065
0.223000	0.777000	3.000000	1.423507	-0.204453	0.862181	-0.636877	1.499058
0.224000	0.776000	3.000000	1.424476	-0.204512	0.861576	-0.636477	1.498052
0.225000	0.775000	3.000000	1.425447	-0.204572	0.860970	-0.636076	1.497047
0.226000	0.774000	3.000000	1.426421	-0.204631	0.860365	-0.635676	1.496041
0.227000	0.773000	3.000000	1.427398	-0.204691	0.859760	-0.635276	1.495036
0.228000	0.772000	3.000000	1.428377	-0.204751	0.859155	-0.634876	1.494031
0.229000	0.771000	3.000000	1.429359	-0.204811	0.858550	-0.634476	1.493027
0.230000	0.770000	3.000000	1.430343	-0.204871	0.857945	-0.634077	1.492022
0.231000	0.769000	3.000000	1.431330	-0.204931	0.857341	-0.633677	1.491018
0.232000	0.768000	3.000000	1.432319	-0.204992	0.856737	-0.633278	1.490015
0.233000	0.767000	3.000000	1.433311	-0.205052	0.856132	-0.632879	1.489011
0.234000	0.766000	3.000000	1.434305	-0.205113	0.855528	-0.632480	1.488008
0.235000	0.765000	3.000000	1.435303	-0.205174	0.854924	-0.632081	1.487005
0.236000	0.764000	3.000000	1.436302	-0.205235	0.854321	-0.631682	1.486003
0.237000	0.763000	3.000000	1.437305	-0.205296	0.853717	-0.631284	1.485001
0.238000	0.762000	3.000000	1.438310	-0.205357	0.853113	-0.630885	1.483999
0.239000	0.761000	3.000000	1.439317	-0.205419	0.852510	-0.630487	1.482997
0.240000	0.760000	3.000000	1.440328	-0.205481	0.851907	-0.630089	1.481996
0.241000	0.759000	3.000000	1.441341	-0.205543	0.851304	-0.629691	1.480995
0.242000	0.758000	3.000000	1.442357	-0.205605	0.850701	-0.629293	1.479994
0.243000	0.757000	3.000000	1.443375	-0.205667	0.850098	-0.628895	1.478994
0.244000	0.756000	3.000000	1.444396	-0.205729	0.849496	-0.628498	1.477994
0.245000	0.755000	3.000000	1.445420	-0.205792	0.848893	-0.628101	1.476994
0.246000	0.754000	3.000000	1.446446	-0.205854	0.848291	-0.627703	1.475995
0.247000	0.753000	3.000000	1.447476	-0.205917	0.847689	-0.627306	1.474996
0.248000	0.752000	3.000000	1.448508	-0.205980	0.847087	-0.626909	1.473997
0.249000	0.751000	3.000000	1.449542	-0.206044	0.846485	-0.626513	1.472998
0.250000	0.750000	3.000000	1.450580	-0.206107	0.845884	-0.626116	1.472000
0.251000	0.749000	3.000000	1.451620	-0.206171	0.845282	-0.625720	1.471002
0.252000	0.748000	3.000000	1.452663	-0.206234	0.844681	-0.625324	1.470005
0.253000	0.747000	3.000000	1.453709	-0.206298	0.844080	-0.624927	1.469007
0.254000	0.746000	3.000000	1.454758	-0.206362	0.843479	-0.624532	1.468011
0.255000	0.745000	3.000000	1.455809	-0.206426	0.842878	-0.624136	1.467014
0.256000	0.744000	3.000000	1.456864	-0.206491	0.842278	-0.623740	1.466018
0.257000	0.743000	3.000000	1.457921	-0.206555	0.841677	-0.623345	1.465022
0.258000	0.742000	3.000000	1.458981	-0.206620	0.841077	-0.622949	1.464026
0.259000	0.741000	3.000000	1.460044	-0.206685	0.840477	-0.622554	1.463031
0.260000	0.740000	3.000000	1.461110	-0.206750	0.839877	-0.622159	1.462036
0.261000	0.739000	3.000000	1.462178	-0.206815	0.839277	-0.621765	1.461041
0.262000	0.738000	3.000000	1.463250	-0.206881	0.838677	-0.621370	1.460047
0.263000	0.737000	3.000000	1.464325	-0.206947	0.838078	-0.620976	1.459053
0.264000	0.736000	3.000000	1.465402	-0.207012	0.837478	-0.620581	1.458060
0.265000	0.735000	3.000000	1.466482	-0.207078	0.836879	-0.620187	1.457066
0.266000	0.734000	3.000000	1.467566	-0.207145	0.836280	-0.619793	1.456073
0.267000	0.733000	3.000000	1.468652	-0.207211	0.835682	-0.619399	1.455081
0.268000	0.732000	3.000000	1.469741	-0.207277	0.835083	-0.619006	1.454089
0.269000	0.731000	3.000000	1.470834	-0.207344	0.834484	-0.618612	1.453097
0.270000	0.730000	3.000000	1.471929	-0.207411	0.833886	-0.618219	1.452105
0.271000	0.729000	3.000000	1.473027	-0.207478	0.833288	-0.617826	1.451114
0.272000	0.728000	3.000000	1.474128	-0.207545	0.832690	-0.617433	1.450123
0.273000	0.727000	3.000000	1.475233	-0.207613	0.832092	-0.617040	1.449133
0.274000	0.726000	3.000000	1.476340	-0.207681	0.831495	-0.616648	1.448142
0.275000	0.725000	3.000000	1.477451	-0.207748	0.830897	-0.616255	1.447153
0.276000	0.724000	3.000000	1.478564	-0.207816	0.830300	-0.615863	1.446163
0.277000	0.723000	3.000000	1.479681	-0.207885	0.829703	-0.615471	1.445174
0.278000	0.722000	3.000000	1.480801	-0.207953	0.829106	-0.615079	1.444185
0.279000	0.721000	3.000000	1.481923	-0.208022	0.828509	-0.614688	1.443197
0.280000	0.720000	3.000000	1.483049	-0.208090	0.827913	-0.614296	1.442209
0.281000	0.719000	3.000000	1.484179	-0.208159	0.827317	-0.613905	1.441221
0.282000	0.718000	3.000000	1.485311	-0.208228	0.826720	-0.613514	1.440234
0.283000	0.717000	3.000000	1.486446	-0.208298	0.826124	-0.613123	1.439247
0.284000	0.716000	3.000000	1.487585	-0.208367	0.825529	-0.612732	1.438260
0.285000	0.715000	3.000000	1.488727	-0.208437	0.824933	-0.612341	1.437274
0.286000	0.714000	3.000000	1.489872	-0.208507	0.824338	-0.611951	1.436288
0.287000	0.713000	3.000000	1.491020	-0.208577	0.823742	-0.611561	1.435303
0.288000	0.712000	3.000000	1.492171	-0.208648	0.823147	-0.611170	1.434318
0.289000	0.711000	3.000000	1.493326	-0.208718	0.822552	-0.610781	1.433333
0.290000	0.710000	3.000000	1.494484	-0.208789	0.821958	-0.610391	1.432349
0.291000	0.709000	3.000000	1.495645	-0.208860	0.821363	-0.610001	1.431365
0.292000	0.708000	3.000000	1.496810	-0.208931	0.820769	-0.609612	1.430381
0.293000	0.707000	3.000000	1.497978	-0.209002	0.820175	-0.609223	1.429398
0.294000	0.706000	3.000000	1.499149	-0.209074	0.819581	-0.608834	1.428415
0.295000	0.705000	3.000000	1.500323	-0.209145	0.818987	-0.608445	1.427432
0.296000	0.704000	3.000000	1.501501	-0.209217	0.818393	-0.608057	1.426450
0.297000	0.703000	3.000000	1.502682	-0.209290	0.817800	-0.607668	1.425469
0.298000	0.702000	3.000000	1.503867	-0.209362	0.817207	-0.607280	1.424487
0.299000	0.701000	3.000000	1.505055	-0.209435	0.816614	-0.606892	1.423506
0.300000	0.700000	3.000000	1.506246	-0.209507	0.816021	-0.606505	1.422526
0.301000	0.699000	3.000000	1.507441	-0.209580	0.815429	-0.606117	1.421546
0.302000	0.698000	3.000000	1.508639	-0.209653	0.814836	-0.605730	1.420566
0.303000	0.697000	3.000000	1.509841	-0.209727	0.814244	-0.605342	1.419587
0.304000	0.696000	3.000000	1.511046	-0.209800	0.813652	-0.604955	1.418608
0.305000	0.695000	3.000000	1.512255	-0.209874	0.813060	-0.604569	1.417629
0.306000	0.694000	3.000000	1.513467	-0.209948	0.812469	-0.604182	1.416651
0.307000	0.693000	3.000000	1.514683	-0.210023	0.811877	-0.603796	1.415673
0.308000	0.692000	3.000000	1.515902	-0.210097	0.811286	-0.603410	1.414696
0.309000	0.691000	3.000000	1.517124	-0.210172	0.810695	-0.603024	1.413719
0.310000	0.690000	3.000000	1.518351	-0.210247	0.810104	-0.602638	1.412742
0.311000	0.689000	3.000000	1.519580	-0.210322	0.809514	-0.602252	1.411766
0.312000	0.688000	3.000000	1.520814	-0.210397	0.808923	-0.601867	1.410790
0.313000	0.687000	3.000000	1.522051	-0.210473	0.808333	-0.601482	1.409815
0.314000	0.686000	3.000000	1.523291	-0.210548	0.807743	-0.601097	1.408840
0.315000	0.685000	3.000000	1.524536	-0.210624	0.807154	-0.600712	1.407866
0.316000	0.684000	3.000000	1.525784	-0.210701	0.806564	-0.600327	1.406892
0.317000	0.683000	3.000000	1.527035	-0.210777	0.805975	-0.599943	1.405918
0.318000	0.682000	3.000000	1.528290	-0.210854	0.805386	-0.599559	1.404945
0.319000	0.681000	3.000000	1.529549	-0.210931	0.804797	-0.599175	1.403972
0.320000	0.680000	3.000000	1.530812	-0.211008	0.804208	-0.598791	1.403000
0.321000	0.679000	3.000000	1.532078	-0.211085	0.803620	-0.598408	1.402028
0.322000	0.678000	3.000000	1.533348	-0.211163	0.803031	-0.598025	1.401056
0.323000	0.677000	3.000000	1.534622	-0.211241	0.802443	-0.597642	1.400085
0.324000	0.676000	3.000000	1.535900	-0.211319	0.801856	-0.597259	1.399114
0.325000	0.675000	3.000000	1.537181	-0.211397	0.801268	-0.596876	1.398144
0.326000	0.674000	3.000000	1.538467	-0.211475	0.800681	-0.596494	1.397174
0.327000	0.673000	3.000000	1.539756	-0.211554	0.800093	-0.596112	1.396205
0.328000	0.672000	3.000000	1.541049	-0.211633	0.799506	-0.595730	1.395236
0.329000	0.671000	3.000000	1.542346	-0.211712	0.798920	-0.595348	1.394268
0.330000	0.670000	3.000000	1.543646	-0.211792	0.798333	-0.594966	1.393300
0.331000	0.669000	3.000000	1.544951	-0.211871	0.797747	-0.594585	1.392332
0.332000	0.668000	3.000000	1.546259	-0.211951	0.797161	-0.594204	1.391365
0.333000	0.667000	3.000000	1.547572	-0.212032	0.796575	-0.593823	1.390398
0.334000	0.666000	3.000000	1.548888	-0.212112	0.795989	-0.593443	1.389432
0.335000	0.665000	3.000000	1.550209	-0.212193	0.795404	-0.593062	1.388466
0.336000	0.664000	3.000000	1.551533	-0.212274	0.794819	-0.592682	1.387501
0.337000	0.663000	3.000000	1.552861	-0.212355	0.794234	-0.592302	1.386536
0.338000	0.662000	3.000000	1.554194	-0.212436	0.793649	-0.591922	1.385572
0.339000	0.661000	3.000000	1.555530	-0.212518	0.793065	-0.591543	1.384608
0.340000	0.660000	3.000000	1.556871	-0.212600	0.792481	-0.591164	1.383644
0.341000	0.659000	3.000000	1.558215	-0.212682	0.791897	-0.590785	1.382681
0.342000	0.658000	3.000000	1.559564	-0.212764	0.791313	-0.590406	1.381719
0.343000	0.657000	3.000000	1.560917	-0.212847	0.790730	-0.590027	1.380757
0.344000	0.656000	3.000000	1.562274	-0.212930	0.790146	-0.589649	1.379795
0.345000	0.655000	3.000000	1.563635	-0.213013	0.789563	-0.589271	1.378834
0.346000	0.654000	3.000000	1.565000	-0.213096	0.788980	-0.588893	1.377874
0.347000	0.653000	3.000000	1.566370	-0.213180	0.788398	-0.588516	1.376913
0.348000	0.652000	3.000000	1.567743	-0.213264	0.787816	-0.588138	1.375954
0.349000	0.651000	3.000000	1.569121	-0.213348	0.787234	-0.587761	1.374995
0.350000	0.650000	3.000000	1.570503	-0.213432	0.786652	-0.587384	1.374036
0.351000	0.649000	3.000000	1.571890	-0.213517	0.786070	-0.587008	1.373078
0.352000	0.648000	3.000000	1.573280	-0.213602	0.785489	-0.586631	1.372120
0.353000	0.647000	3.000000	1.574676	-0.213687	0.784908	-0.586255	1.371163
0.354000	0.646000	3.000000	1.576075	-0.213773	0.784327	-0.585879	1.370206
0.355000	0.645000	3.000000	1.577479	-0.213858	0.783746	-0.585504	1.369250
0.356000	0.644000	3.000000	1.578887	-0.213944	0.783166	-0.585128	1.368294
0.357000	0.643000	3.000000	1.580299	-0.214031	0.782586	-0.584753	1.367339
0.358000	0.642000	3.000000	1.581716	-0.214117	0.782006	-0.584378	1.366384
0.359000	0.641000	3.000000	1.583137	-0.214204	0.781426	-0.584004	1.365430
0.360000	0.640000	3.000000	1.584563	-0.214291	0.780847	-0.583629	1.364476
0.361000	0.639000	3.000000	1.585994	-0.214379	0.780268	-0.583255	1.363523
0.362000	0.638000	3.000000	1.587428	-0.214466	0.779689	-0.582881	1.362571
0.363000	0.637000	3.000000	1.588868	-0.214554	0.779111	-0.582508	1.361618
0.364000	0.636000	3.000000	1.590311	-0.214642	0.778532	-0.582134	1.360667
0.365000	0.635000	3.000000	1.591760	-0.214731	0.777954	-0.581761	1.359716
0.366000	0.634000	3.000000	1.593213	-0.214820	0.777377	-0.581388	1.358765
0.367000	0.633000	3.000000	1.594670	-0.214909	0.776799	-0.581016	1.357815
0.368000	0.632000	3.000000	1.596133	-0.214998	0.776222	-0.580644	1.356866
0.369000	0.631000	3.000000	1.597599	-0.215087	0.775645	-0.580272	1.355917
0.370000	0.630000	3.000000	1.599071	-0.215177	0.775068	-0.579900	1.354968
0.371000	0.629000	3.000000	1.600547	-0.215268	0.774492	-0.579528	1.354020
0.372000	0.628000	3.000000	1.602028	-0.215358	0.773916	-0.579157	1.353073
0.373000	0.627000	3.000000	1.603514	-0.215449	0.773340	-0.578786	1.352126
0.374000	0.626000	3.000000	1.605004	-0.215540	0.772764	-0.578416	1.351180
0.375000	0.625000	3.000000	1.606500	-0.215631	0.772189	-0.578045	1.350234
0.376000	0.624000	3.000000	1.608000	-0.215723	0.771614	-0.577675	1.349289
0.377000	0.623000	3.000000	1.609504	-0.215815	0.771039	-0.577305	1.348344
0.378000	0.622000	3.000000	1.611014	-0.215907	0.770465	-0.576936	1.347400
0.379000	0.621000	3.000000	1.612529	-0.215999	0.769890	-0.576566	1.346457
0.380000	0.620000	3.000000	1.614048	-0.216092	0.769316	-0.576197	1.345514
0.381000	0.619000	3.000000	1.615573	-0.216185	0.768743	-0.575829	1.344571
0.382000	0.618000	3.000000	1.617102	-0.216279	0.768169	-0.575460	1.343630
0.383000	0.617000	3.000000	1.618636	-0.216372	0.767596	-0.575092	1.342688
0.384000	0.616000	3.000000	1.620176	-0.216467	0.767024	-0.574724	1.341748
0.385000	0.615000	3.000000	1.621720	-0.216561	0.766451	-0.574357	1.340808
0.386000	0.614000	3.000000	1.623270	-0.216655	0.765879	-0.573989	1.339868
0.387000	0.613000	3.000000	1.624824	-0.216750	0.765307	-0.573622	1.338929
0.388000	0.612000	3.000000	1.626384	-0.216846	0.764735	-0.573256	1.337991
0.389000	0.611000	3.000000	1.627948	-0.216941	0.764164	-0.572889	1.337053
0.390000	0.610000	3.000000	1.629518	-0.217037	0.763593	-0.572523	1.336116
0.391000	0.609000	3.000000	1.631093	-0.217133	0.763022	-0.572157	1.335179
0.392000	0.608000	3.000000	1.632673	-0.217230	0.762452	-0.571792	1.334243
0.393000	0.607000	3.000000	1.634259	-0.217327	0.761882	-0.571426	1.333308
0.394000	0.606000	3.000000	1.635850	-0.217424	0.761312	-0.571061	1.332373
0.395000	0.605000	3.000000	1.637445	-0.217521	0.760742	-0.570697	1.331439
0.396000	0.604000	3.000000	1.639047	-0.217619	0.760173	-0.570333	1.330505
0.397000	0.603000	3.000000	1.640653	-0.217717	0.759604	-0.569968	1.329572
0.398000	0.602000	3.000000	1.642265	-0.217816	0.759035	-0.569605	1.328640
0.399000	0.601000	3.000000	1.643883	-0.217915	0.758467	-0.569241	1.327708
0.400000	0.600000	3.000000	1.645505	-0.218014	0.757899	-0.568878	1.326777
0.401000	0.599000	3.000000	1.647134	-0.218113	0.757331	-0.568515	1.325847
0.402000	0.598000	3.000000	1.648767	-0.218213	0.756764	-0.568153	1.324917
0.403000	0.597000	3.000000	1.650406	-0.218313	0.756197	-0.567791	1.323988
0.404000	0.596000	3.000000	1.652051	-0.218414	0.755630	-0.567429	1.323059
0.405000	0.595000	3.000000	1.653701	-0.218514	0.755064	-0.567067	1.322131
0.406000	0.594000	3.000000	1.655357	-0.218616	0.754498	-0.566706	1.321204
0.407000	0.593000	3.000000	1.657018	-0.218717	0.753932	-0.566345	1.320277
0.408000	0.592000	3.000000	1.658685	-0.218819	0.753366	-0.565985	1.319351
0.409000	0.591000	3.000000	1.660358	-0.218921	0.752801	-0.565624	1.318426
0.410000	0.590000	3.000000	1.662036	-0.219024	0.752236	-0.565265	1.317501
0.411000	0.589000	3.000000	1.663721	-0.219126	0.751672	-0.564905	1.316577
0.412000	0.588000	3.000000	1.665410	-0.219230	0.751108	-0.564546	1.315653
0.413000	0.587000	3.000000	1.667106	-0.219333	0.750544	-0.564187	1.314731
0.414000	0.586000	3.000000	1.668807	-0.219437	0.749980	-0.563828	1.313808
0.415000	0.585000	3.000000	1.670515	-0.219541	0.749417	-0.563470	1.312887
0.416000	0.584000	3.000000	1.672228	-0.219646	0.748854	-0.563112	1.311966
0.417000	0.583000	3.000000	1.673947	-0.219751	0.748292	-0.562754	1.311046
0.418000	0.582000	3.000000	1.675672	-0.219856	0.747730	-0.562397	1.310127
0.419000	0.581000	3.000000	1.677403	-0.219962	0.747168	-0.562040	1.309208
0.420000	0.580000	3.000000	1.679140	-0.220068	0.746606	-0.561684	1.308290
0.421000	0.579000	3.000000	1.680882	-0.220175	0.746045	-0.561327	1.307373
0.422000	0.578000	3.000000	1.682631	-0.220282	0.745485	-0.560971	1.306456
0.423000	0.577000	3.000000	1.684386	-0.220389	0.744924	-0.560616	1.305540
0.424000	0.576000	3.000000	1.686148	-0.220496	0.744364	-0.560261	1.304625
0.425000	0.575000	3.000000	1.687915	-0.220604	0.743804	-0.559906	1.303710
0.426000	0.574000	3.000000	1.689688	-0.220713	0.743245	-0.559551	1.302796
0.427000	0.573000	3.000000	1.691468	-0.220821	0.742686	-0.559197	1.301883
0.428000	0.572000	3.000000	1.693254	-0.220930	0.742127	-0.558844	1.300971
0.429000	0.571000	3.000000	1.695046	-0.221040	0.741569	-0.558490	1.300059
0.430000	0.570000	3.000000	1.696845	-0.221150	0.741011	-0.558137	1.299148
0.431000	0.569000	3.000000	1.698650	-0.221260	0.740454	-0.557784	1.298238
0.432000	0.568000	3.000000	1.700461	-0.221371	0.739896	-0.557432	1.297328
0.433000	0.567000	3.000000	1.702279	-0.221482	0.739340	-0.557080	1.296420
0.434000	0.566000	3.000000	1.704103	-0.221593	0.738783	-0.556729	1.295512
0.435000	0.565000	3.000000	1.705933	-0.221705	0.738227	-0.556377	1.294604
0.436000	0.564000	3.000000	1.707770	-0.221817	0.737671	-0.556026	1.293698
0.437000	0.563000	3.000000	1.709614	-0.221930	0.737116	-0.555676	1.292792
0.438000	0.562000	3.000000	1.711464	-0.222043	0.736561	-0.555326	1.291887
0.439000	0.561000	3.000000	1.713321	-0.222156	0.736007	-0.554976	1.290983
0.440000	0.560000	3.000000	1.715185	-0.222270	0.735452	-0.554627	1.290079
0.441000	0.559000	3.000000	1.717055	-0.222384	0.734899	-0.554278	1.289176
0.442000	0.558000	3.000000	1.718932	-0.222499	0.734345	-0.553929	1.288274
0.443000	0.557000	3.000000	1.720815	-0.222614	0.733792	-0.553581	1.287373
0.444000	0.556000	3.000000	1.722706	-0.222729	0.733239	-0.553233	1.286473
0.445000	0.555000	3.000000	1.724603	-0.222845	0.732687	-0.552886	1.285573
0.446000	0.554000	3.000000	1.726508	-0.222962	0.732135	-0.552539	1.284674
0.447000	0.553000	3.000000	1.728419	-0.223078	0.731584	-0.552192	1.283776
0.448000	0.552000	3.000000	1.730337	-0.223196	0.731033	-0.551846	1.282879
0.449000	0.551000	3.000000	1.732262	-0.223313	0.730482	-0.551500	1.281982
0.450000	0.550000	3.000000	1.734194	-0.223431	0.729932	-0.551155	1.281087
0.451000	0.549000	3.000000	1.736133	-0.223550	0.729382	-0.550810	1.280192
0.452000	0.548000	3.000000	1.738079	-0.223669	0.728833	-0.550465	1.279298
0.453000	0.547000	3.000000	1.740033	-0.223788	0.728284	-0.550121	1.278405
0.454000	0.546000	3.000000	1.741993	-0.223908	0.727735	-0.549777	1.277512
0.455000	0.545000	3.000000	1.743961	-0.224028	0.727187	-0.549434	1.276621
0.456000	0.544000	3.000000	1.745936	-0.224148	0.726639	-0.549091	1.275730
0.457000	0.543000	3.000000	1.747918	-0.224270	0.726092	-0.548748	1.274840
0.458000	0.542000	3.000000	1.749908	-0.224391	0.725545	-0.548406	1.273951
0.459000	0.541000	3.000000	1.751905	-0.224513	0.724998	-0.548065	1.273063
0.460000	0.540000	3.000000	1.753910	-0.224635	0.724452	-0.547723	1.272175
0.461000	0.539000	3.000000	1.755922	-0.224758	0.723906	-0.547382	1.271289
0.462000	0.538000	3.000000	1.757941	-0.224882	0.723361	-0.547042	1.270403
0.463000	0.537000	3.000000	1.759968	-0.225006	0.722816	-0.546702	1.269518
0.464000	0.536000	3.000000	1.762003	-0.225130	0.722272	-0.546362	1.268634
0.465000	0.535000	3.000000	1.764045	-0.225255	0.721728	-0.546023	1.267751
0.466000	0.534000	3.000000	1.766095	-0.225380	0.721185	-0.545685	1.266869
0.467000	0.533000	3.000000	1.768153	-0.225506	0.720642	-0.545346	1.265988
0.468000	0.532000	3.000000	1.770218	-0.225632	0.720099	-0.545009	1.265108
0.469000	0.531000	3.000000	1.772291	-0.225758	0.719557	-0.544671	1.264228
0.470000	0.530000	3.000000	1.774372	-0.225885	0.719015	-0.544334	1.263349
0.471000	0.529000	3.000000	1.776461	-0.226013	0.718474	-0.543998	1.262472
0.472000	0.528000	3.000000	1.778558	-0.226141	0.717933	-0.543662	1.261595
0.473000	0.527000	3.000000	1.780663	-0.226270	0.717393	-0.543326	1.260719
0.474000	0.526000	3.000000	1.782776	-0.226399	0.716853	-0.542991	1.259844
0.475000	0.525000	3.000000	1.784897	-0.226528	0.716313	-0.542657	1.258970
0.476000	0.524000	3.000000	1.787026	-0.226658	0.715774	-0.542323	1.258097
0.477000	0.523000	3.000000	1.789164	-0.226789	0.715236	-0.541989	1.257225
0.478000	0.522000	3.000000	1.791309	-0.226920	0.714698	-0.541656	1.256354
0.479000	0.521000	3.000000	1.793463	-0.227052	0.714160	-0.541323	1.255483
0.480000	0.520000	3.000000	1.795625	-0.227184	0.713623	-0.540991	1.254614
0.481000	0.519000	3.000000	1.797796	-0.227316	0.713087	-0.540659	1.253746
0.482000	0.518000	3.000000	1.799974	-0.227449	0.712551	-0.540328	1.252878
0.483000	0.517000	3.000000	1.802162	-0.227583	0.712015	-0.539997	1.252012
0.484000	0.516000	3.000000	1.804358	-0.227717	0.711480	-0.539666	1.251147
0.485000	0.515000	3.000000	1.806562	-0.227852	0.710945	-0.539337	1.250282
0.486000	0.514000	3.000000	1.808775	-0.227987	0.710411	-0.539007	1.249419
0.487000	0.513000	3.000000	1.810997	-0.228123	0.709878	-0.538678	1.248556
0.488000	0.512000	3.000000	1.813227	-0.228259	0.709345	-0.538350	1.247695
0.489000	0.511000	3.000000	1.815466	-0.228396	0.708812	-0.538022	1.246834
0.490000	0.510000	3.000000	1.817714	-0.228533	0.708280	-0.537695	1.245975
0.491000	0.509000	3.000000	1.819971	-0.228671	0.707748	-0.537368	1.245116
0.492000	0.508000	3.000000	1.822237	-0.228809	0.707217	-0.537042	1.244259
0.493000	0.507000	3.000000	1.824512	-0.228948	0.706687	-0.536716	1.243402
0.494000	0.506000	3.000000	1.826796	-0.229088	0.706156	-0.536391	1.242547
0.495000	0.505000	3.000000	1.829089	-0.229228	0.705627	-0.536066	1.241693
0.496000	0.504000	3.000000	1.831391	-0.229368	0.705098	-0.535742	1.240839
0.497000	0.503000	3.000000	1.833702	-0.229509	0.704569	-0.535418	1.239987
0.498000	0.502000	3.000000	1.836022	-0.229651	0.704041	-0.535095	1.239136
0.499000	0.501000	3.000000	1.838352	-0.229794	0.703514	-0.534772	1.238286
0.500000	0.500000	3.000000	1.840691	-0.229936	0.702987	-0.534450	1.237437
0.501000	0.499000	3.000000	1.843039	-0.230080	0.702461	-0.534128	1.236589
0.502000	0.498000	3.000000	1.845397	-0.230224	0.701935	-0.533807	1.235742
0.503000	0.497000	3.000000	1.847765	-0.230369	0.701410	-0.533487	1.234896
0.504000	0.496000	3.000000	1.850142	-0.230514	0.700885	-0.533167	1.234052
0.505000	0.495000	3.000000	1.852529	-0.230660	0.700361	-0.532847	1.233208
0.506000	0.494000	3.000000	1.854925	-0.230806	0.699837	-0.532528	1.232366
0.507000	0.493000	3.000000	1.857331	-0.230953	0.699314	-0.532210	1.231524
0.508000	0.492000	3.000000	1.859747	-0.231100	0.698792	-0.531892	1.230684
0.509000	0.491000	3.000000	1.862173	-0.231249	0.698270	-0.531575	1.229845
0.510000	0.490000	3.000000	1.864609	-0.231397	0.697749	-0.531258	1.229007
0.511000	0.489000	3.000000	1.867055	-0.231547	0.697228	-0.530942	1.228170
0.512000	0.488000	3.000000	1.869511	-0.231697	0.696708	-0.530627	1.227335
0.513000	0.487000	3.000000	1.871977	-0.231847	0.696188	-0.530312	1.226500
0.514000	0.486000	3.000000	1.874453	-0.231999	0.695669	-0.529998	1.225667
0.515000	0.485000	3.000000	1.876940	-0.232151	0.695151	-0.529684	1.224835
0.516000	0.484000	3.000000	1.879436	-0.232303	0.694633	-0.529371	1.224004
0.517000	0.483000	3.000000	1.881944	-0.232456	0.694115	-0.529058	1.223174
0.518000	0.482000	3.000000	1.884461	-0.232610	0.693599	-0.528746	1.222345
0.519000	0.481000	3.000000	1.886989	-0.232765	0.693083	-0.528435	1.221518
0.520000	0.480000	3.000000	1.889528	-0.232920	0.692567	-0.528124	1.220692
0.521000	0.479000	3.000000	1.892077	-0.233075	0.692053	-0.527814	1.219867
0.522000	0.478000	3.000000	1.894638	-0.233232	0.691538	-0.527505	1.219043
0.523000	0.477000	3.000000	1.897208	-0.233389	0.691025	-0.527196	1.218221
0.524000	0.476000	3.000000	1.899790	-0.233546	0.690512	-0.526888	1.217399
0.525000	0.475000	3.000000	1.902383	-0.233705	0.689999	-0.526580	1.216579
0.526000	0.474000	3.000000	1.904986	-0.233864	0.689488	-0.526273	1.215761
0.527000	0.473000	3.000000	1.907601	-0.234024	0.688977	-0.525967	1.214943
0.528000	0.472000	3.000000	1.910227	-0.234184	0.688466	-0.525661	1.214127
0.529000	0.471000	3.000000	1.912864	-0.234345	0.687956	-0.525356	1.213312
0.530000	0.470000	3.000000	1.915512	-0.234507	0.687447	-0.525051	1.212499
0.531000	0.469000	3.000000	1.918171	-0.234669	0.686939	-0.524747	1.211686
0.532000	0.468000	3.000000	1.920842	-0.234832	0.686431	-0.524444	1.210875
0.533000	0.467000	3.000000	1.923525	-0.234996	0.685924	-0.524142	1.210066
0.534000	0.466000	3.000000	1.926219	-0.235161	0.685417	-0.523840	1.209257
0.535000	0.465000	3.000000	1.928925	-0.235326	0.684911	-0.523539	1.208450
0.536000	0.464000	3.000000	1.931642	-0.235492	0.684406	-0.523238	1.207644
0.537000	0.463000	3.000000	1.934371	-0.235659	0.683902	-0.522938	1.206840
0.538000	0.462000	3.000000	1.937112	-0.235826	0.683398	-0.522639	1.206037
0.539000	0.461000	3.000000	1.939865	-0.235994	0.682895	-0.522341	1.205236
0.540000	0.460000	3.000000	1.942630	-0.236163	0.682392	-0.522043	1.204435
0.541000	0.459000	3.000000	1.945407	-0.236333	0.681891	-0.521746	1.203637
0.542000	0.458000	3.000000	1.948197	-0.236503	0.681390	-0.521449	1.202839
0.543000	0.457000	3.000000	1.950998	-0.236674	0.680889	-0.521154	1.202043
0.544000	0.456000	3.000000	1.953812	-0.236846	0.680390	-0.520859	1.201248
0.545000	0.455000	3.000000	1.956639	-0.237019	0.679891	-0.520564	1.200455
0.546000	0.454000	3.000000	1.959477	-0.237192	0.679393	-0.520271	1.199663
0.547000	0.453000	3.000000	1.962329	-0.237367	0.678895	-0.519978	1.198873
0.548000	0.452000	3.000000	1.965193	-0.237541	0.678398	-0.519686	1.198084
0.549000	0.451000	3.000000	1.968070	-0.237717	0.677902	-0.519395	1.197297
0.550000	0.450000	3.000000	1.970959	-0.237894	0.677407	-0.519104	1.196511
0.551000	0.449000	3.000000	1.973862	-0.238071	0.676912	-0.518814	1.195726
0.552000	0.448000	3.000000	1.976778	-0.238249	0.676419	-0.518525	1.194943
0.553000	0.447000	3.000000	1.979706	-0.238428	0.675926	-0.518236	1.194162
0.554000	0.446000	3.000000	1.982648	-0.238608	0.675433	-0.517949	1.193382
0.555000	0.445000	3.000000	1.985604	-0.238788	0.674942	-0.517662	1.192604
0.556000	0.444000	3.000000	1.988572	-0.238970	0.674451	-0.517376	1.191827
0.557000	0.443000	3.000000	1.991554	-0.239152	0.673961	-0.517090	1.191051
0.558000	0.442000	3.000000	1.994550	-0.239335	0.673472	-0.516806	1.190278
0.559000	0.441000	3.000000	1.997559	-0.239519	0.672983	-0.516522	1.189505
0.560000	0.440000	3.000000	2.000582	-0.239703	0.672496	-0.516239	1.188735
0.561000	0.439000	3.000000	2.003619	-0.239889	0.672009	-0.515957	1.187966
0.562000	0.438000	3.000000	2.006670	-0.240075	0.671523	-0.515675	1.187198
0.563000	0.437000	3.000000	2.009734	-0.240262	0.671038	-0.515394	1.186432
0.564000	0.436000	3.000000	2.012813	-0.240450	0.670553	-0.515115	1.185668
0.565000	0.435000	3.000000	2.015906	-0.240639	0.670070	-0.514836	1.184905
0.566000	0.434000	3.000000	2.019014	-0.240829	0.669587	-0.514557	1.184144
0.567000	0.433000	3.000000	2.022136	-0.241020	0.669105	-0.514280	1.183385
0.568000	0.432000	3.000000	2.025272	-0.241211	0.668624	-0.514003	1.182627
0.569000	0.431000	3.000000	2.028423	-0.241404	0.668144	-0.513728	1.181871
0.570000	0.430000	3.000000	2.031589	-0.241597	0.667664	-0.513453	1.181117
0.571000	0.429000	3.000000	2.034769	-0.241792	0.667186	-0.513179	1.180364
0.572000	0.428000	3.000000	2.037965	-0.241987	0.666708	-0.512906	1.179613
0.573000	0.427000	3.000000	2.041175	-0.242183	0.666231	-0.512633	1.178864
0.574000	0.426000	3.000000	2.044401	-0.242380	0.665755	-0.512362	1.178117
0.575000	0.425000	3.000000	2.047642	-0.242578	0.665280	-0.512091	1.177371
0.576000	0.424000	3.000000	2.050898	-0.242777	0.664806	-0.511822	1.176627
0.577000	0.423000	3.000000	2.054170	-0.242977	0.664332	-0.511553	1.175885
0.578000	0.422000	3.000000	2.057457	-0.243177	0.663860	-0.511285	1.175145
0.579000	0.421000	3.000000	2.060760	-0.243379	0.663388	-0.511018	1.174406
0.580000	0.420000	3.000000	2.064079	-0.243582	0.662918	-0.510752	1.173669
0.581000	0.419000	3.000000	2.067414	-0.243786	0.662448	-0.510487	1.172934
0.582000	0.418000	3.000000	2.070765	-0.243990	0.661979	-0.510222	1.172201
0.583000	0.417000	3.000000	2.074132	-0.244196	0.661511	-0.509959	1.171470
0.584000	0.416000	3.000000	2.077515	-0.244403	0.661044	-0.509696	1.170741
0.585000	0.415000	3.000000	2.080915	-0.244610	0.660578	-0.509435	1.170013
0.586000	0.414000	3.000000	2.084331	-0.244819	0.660113	-0.509174	1.169287
0.587000	0.413000	3.000000	2.087763	-0.245029	0.659649	-0.508915	1.168564
0.588000	0.412000	3.000000	2.091213	-0.245239	0.659186	-0.508656	1.167842
0.589000	0.411000	3.000000	2.094679	-0.245451	0.658724	-0.508398	1.167122
0.590000	0.410000	3.000000	2.098162	-0.245664	0.658262	-0.508142	1.166404
0.591000	0.409000	3.000000	2.101663	-0.245878	0.657802	-0.507886	1.165688
0.592000	0.408000	3.000000	2.105180	-0.246092	0.657343	-0.507631	1.164974
0.593000	0.407000	3.000000	2.108715	-0.246308	0.656885	-0.507377	1.164262
0.594000	0.406000	3.000000	2.112268	-0.246525	0.656428	-0.507125	1.163552
0.595000	0.405000	3.000000	2.115838	-0.246744	0.655971	-0.506873	1.162844
0.596000	0.404000	3.000000	2.119426	-0.246963	0.655516	-0.506622	1.162138
0.597000	0.403000	3.000000	2.123032	-0.247183	0.655062	-0.506372	1.161434
0.598000	0.402000	3.000000	2.126656	-0.247404	0.654609	-0.506124	1.160733
0.599000	0.401000	3.000000	2.130298	-0.247627	0.654157	-0.505876	1.160033
0.600000	0.400000	3.000000	2.133958	-0.247850	0.653706	-0.505630	1.159335
0.601000	0.399000	3.000000	2.137637	-0.248075	0.653256	-0.505384	1.158640
0.602000	0.398000	3.000000	2.141334	-0.248301	0.652807	-0.505140	1.157946
0.603000	0.397000	3.000000	2.145050	-0.248528	0.652359	-0.504896	1.157255
0.604000	0.396000	3.000000	2.148785	-0.248756	0.651912	-0.504654	1.156566
0.605000	0.395000	3.000000	2.152539	-0.248985	0.651466	-0.504413	1.155879
0.606000	0.394000	3.000000	2.156312	-0.249216	0.651022	-0.504172	1.155194
0.607000	0.393000	3.000000	2.160105	-0.249447	0.650578	-0.503933	1.154512
0.608000	0.392000	3.000000	2.163916	-0.249680	0.650136	-0.503695	1.153831
0.609000	0.391000	3.000000	2.167748	-0.249914	0.649695	-0.503459	1.153153
0.610000	0.390000	3.000000	2.171599	-0.250150	0.649255	-0.503223	1.152478
0.611000	0.389000	3.000000	2.175470	-0.250386	0.648816	-0.502988	1.151804
0.612000	0.388000	3.000000	2.179361	-0.250624	0.648378	-0.502755	1.151133
0.613000	0.387000	3.000000	2.183272	-0.250863	0.647941	-0.502523	1.150464
0.614000	0.386000	3.000000	2.187204	-0.251103	0.647506	-0.502292	1.149798
0.615000	0.385000	3.000000	2.191156	-0.251344	0.647072	-0.502062	1.149133
0.616000	0.384000	3.000000	2.195129	-0.251587	0.646639	-0.501833	1.148472
0.617000	0.383000	3.000000	2.199123	-0.251831	0.646207	-0.501606	1.147812
0.618000	0.382000	3.000000	2.203138	-0.252076	0.645776	-0.501379	1.147155
0.619000	0.381000	3.000000	2.207174	-0.252323	0.645346	-0.501154	1.146501
0.620000	0.380000	3.000000	2.211231	-0.252571	0.644918	-0.500930	1.145848
0.621000	0.379000	3.000000	2.215310	-0.252820	0.644491	-0.500708	1.145199
0.622000	0.378000	3.000000	2.219411	-0.253070	0.644065	-0.500486	1.144551
0.623000	0.377000	3.000000	2.223533	-0.253322	0.643641	-0.500266	1.143907
0.624000	0.376000	3.000000	2.227678	-0.253575	0.643218	-0.500047	1.143265
0.625000	0.375000	3.000000	2.231844	-0.253830	0.642796	-0.499829	1.142625
0.626000	0.374000	3.000000	2.236033	-0.254086	0.642375	-0.499613	1.141988
0.627000	0.373000	3.000000	2.240245	-0.254343	0.641956	-0.499398	1.141354
0.628000	0.372000	3.000000	2.244480	-0.254601	0.641537	-0.499184	1.140722
0.629000	0.371000	3.000000	2.248737	-0.254862	0.641121	-0.498972	1.140092
0.630000	0.370000	3.000000	2.253018	-0.255123	0.640705	-0.498761	1.139466
0.631000	0.369000	3.000000	2.257321	-0.255386	0.640291	-0.498551	1.138842
0.632000	0.368000	3.000000	2.261649	-0.255650	0.639878	-0.498342	1.138221
0.633000	0.367000	3.000000	2.266000	-0.255916	0.639467	-0.498135	1.137602
0.634000	0.366000	3.000000	2.270375	-0.256183	0.639057	-0.497930	1.136987
0.635000	0.365000	3.000000	2.274774	-0.256452	0.638648	-0.497725	1.136374
0.636000	0.364000	3.000000	2.279197	-0.256722	0.638241	-0.497522	1.135763
0.637000	0.363000	3.000000	2.283645	-0.256994	0.637835	-0.497321	1.135156
0.638000	0.362000	3.000000	2.288118	-0.257267	0.637431	-0.497120	1.134551
0.639000	0.361000	3.000000	2.292616	-0.257542	0.637028	-0.496922	1.133950
0.640000	0.360000	3.000000	2.297138	-0.257818	0.636626	-0.496724	1.133351
0.641000	0.359000	3.000000	2.301686	-0.258096	0.636226	-0.496529	1.132755
0.642000	0.358000	3.000000	2.306260	-0.258375	0.635828	-0.496334	1.132162
0.643000	0.357000	3.000000	2.310859	-0.258656	0.635431	-0.496141	1.131572
0.644000	0.356000	3.000000	2.315484	-0.258939	0.635035	-0.495950	1.130985
0.645000	0.355000	3.000000	2.320136	-0.259223	0.634641	-0.495760	1.130401
0.646000	0.354000	3.000000	2.324814	-0.259509	0.634248	-0.495572	1.129820
0.647000	0.353000	3.000000	2.329518	-0.259796	0.633857	-0.495385	1.129242
0.648000	0.352000	3.000000	2.334250	-0.260085	0.633467	-0.495199	1.128667
0.649000	0.351000	3.000000	2.339009	-0.260376	0.633079	-0.495016	1.128095
0.650000	0.350000	3.000000	2.343794	-0.260668	0.632693	-0.494833	1.127526
0.651000	0.349000	3.000000	2.348608	-0.260962	0.632308	-0.494653	1.126961
0.652000	0.348000	3.000000	2.353449	-0.261258	0.631925	-0.494474	1.126399
0.653000	0.347000	3.000000	2.358319	-0.261555	0.631543	-0.494296	1.125839
0.654000	0.346000	3.000000	2.363217	-0.261854	0.631163	-0.494120	1.125284
0.655000	0.345000	3.000000	2.368143	-0.262155	0.630785	-0.493946	1.124731
0.656000	0.344000	3.000000	2.373098	-0.262458	0.630408	-0.493774	1.124182
0.657000	0.343000	3.000000	2.378082	-0.262762	0.630033	-0.493603	1.123636
0.658000	0.342000	3.000000	2.383096	-0.263069	0.629660	-0.493433	1.123093
0.659000	0.341000	3.000000	2.388139	-0.263377	0.629288	-0.493266	1.122554
0.660000	0.340000	3.000000	2.393211	-0.263687	0.628918	-0.493100	1.122018
0.661000	0.339000	3.000000	2.398314	-0.263998	0.628550	-0.492936	1.121486
0.662000	0.338000	3.000000	2.403448	-0.264312	0.628183	-0.492774	1.120957
0.663000	0.337000	3.000000	2.408612	-0.264627	0.627819	-0.492613	1.120432
0.664000	0.336000	3.000000	2.413807	-0.264945	0.627456	-0.492454	1.119910
0.665000	0.335000	3.000000	2.419033	-0.265264	0.627095	-0.492297	1.119392
0.666000	0.334000	3.000000	2.424291	-0.265585	0.626735	-0.492142	1.118877
0.667000	0.333000	3.000000	2.429580	-0.265908	0.626378	-0.491988	1.118366
0.668000	0.332000	3.000000	2.434901	-0.266233	0.626022	-0.491837	1.117859
0.669000	0.331000	3.000000	2.440255	-0.266560	0.625668	-0.491687	1.117355
0.670000	0.330000	3.000000	2.445642	-0.266889	0.625316	-0.491539	1.116855
0.671000	0.329000	3.000000	2.451061	-0.267220	0.624966	-0.491393	1.116359
0.672000	0.328000	3.000000	2.456514	-0.267553	0.624618	-0.491249	1.115867
0.673000	0.327000	3.000000	2.462000	-0.267889	0.624272	-0.491107	1.115379
0.674000	0.326000	3.000000	2.467520	-0.268226	0.623927	-0.490967	1.114894
0.675000	0.325000	3.000000	2.473074	-0.268565	0.623585	-0.490828	1.114413
0.676000	0.324000	3.000000	2.478663	-0.268906	0.623245	-0.490692	1.113937
0.677000	0.323000	3.000000	2.484286	-0.269250	0.622906	-0.490558	1.113464
0.678000	0.322000	3.000000	2.489945	-0.269596	0.622570	-0.490425	1.112995
0.679000	0.321000	3.000000	2.495639	-0.269943	0.622236	-0.490295	1.112531
0.680000	0.320000	3.000000	2.501369	-0.270293	0.621904	-0.490167	1.112070
0.681000	0.319000	3.000000	2.507135	-0.270646	0.621573	-0.490040	1.111614
0.682000	0.318000	3.000000	2.512938	-0.271000	0.621245	-0.489916	1.111162
0.683000	0.317000	3.000000	2.518777	-0.271357	0.620919	-0.489794	1.110714
0.684000	0.316000	3.000000	2.524654	-0.271716	0.620596	-0.489675	1.110270
0.685000	0.315000	3.000000	2.530568	-0.272077	0.620274	-0.489557	1.109831
0.686000	0.314000	3.000000	2.536520	-0.272441	0.619954	-0.489441	1.109396
0.687000	0.313000	3.000000	2.542511	-0.272806	0.619637	-0.489328	1.108965
0.688000	0.312000	3.000000	2.548540	-0.273175	0.619322	-0.489217	1.108539
0.689000	0.311000	3.000000	2.554608	-0.273545	0.619009	-0.489108	1.108117
0.690000	0.310000	3.000000	2.560715	-0.273918	0.618699	-0.489001	1.107700
0.691000	0.309000	3.000000	2.566862	-0.274294	0.618390	-0.488897	1.107287
0.692000	0.308000	3.000000	2.573050	-0.274672	0.618084	-0.488795	1.106879
0.693000	0.307000	3.000000	2.579278	-0.275052	0.617781	-0.488695	1.106476
0.694000	0.306000	3.000000	2.585547	-0.275435	0.617479	-0.488597	1.106077
0.695000	0.305000	3.000000	2.591857	-0.275821	0.617181	-0.488502	1.105683
0.696000	0.304000	3.000000	2.598209	-0.276209	0.616884	-0.488410	1.105294
0.697000	0.303000	3.000000	2.604604	-0.276599	0.616590	-0.488319	1.104909
0.698000	0.302000	3.000000	2.611041	-0.276993	0.616298	-0.488232	1.104530
0.699000	0.301000	3.000000	2.617521	-0.277388	0.616009	-0.488146	1.104155
0.700000	0.300000	3.000000	2.624044	-0.277787	0.615722	-0.488063	1.103786
0.701000	0.299000	3.000000	2.630612	-0.278188	0.615438	-0.487983	1.103421
0.702000	0.298000	3.000000	2.637223	-0.278592	0.615157	-0.487905	1.103062
0.703000	0.297000	3.000000	2.643880	-0.278999	0.614878	-0.487830	1.102707
0.704000	0.296000	3.000000	2.650582	-0.279408	0.614601	-0.487757	1.102358
0.705000	0.295000	3.000000	2.657330	-0.279820	0.614327	-0.487687	1.102014
0.706000	0.294000	3.000000	2.664124	-0.280235	0.614056	-0.487620	1.101676
0.707000	0.293000	3.000000	2.670964	-0.280653	0.613788	-0.487555	1.101343
0.708000	0.292000	3.000000	2.677852	-0.281074	0.613522	-0.487493	1.101015
0.709000	0.291000	3.000000	2.684787	-0.281497	0.613259	-0.487434	1.100692
0.710000	0.290000	3.000000	2.691771	-0.281924	0.612999	-0.487377	1.100376
0.711000	0.289000	3.000000	2.698803	-0.282353	0.612741	-0.487323	1.100064
0.712000	0.288000	3.000000	2.705885	-0.282786	0.612486	-0.487272	1.099759
0.713000	0.287000	3.000000	2.713016	-0.283222	0.612235	-0.487224	1.099459
0.714000	0.286000	3.000000	2.720197	-0.283660	0.611986	-0.487179	1.099165
0.715000	0.285000	3.000000	2.727429	-0.284102	0.611740	-0.487137	1.098876
0.716000	0.284000	3.000000	2.734712	-0.284547	0.611497	-0.487097	1.098594
0.717000	0.283000	3.000000	2.742048	-0.284995	0.611257	-0.487061	1.098317
0.718000	0.282000	3.000000	2.749435	-0.285446	0.611019	-0.487027	1.098047
0.719000	0.281000	3.000000	2.756876	-0.285901	0.610785	-0.486997	1.097782
0.720000	0.280000	3.000000	2.764370	-0.286359	0.610554	-0.486969	1.097524
0.721000	0.279000	3.000000	2.771918	-0.286820	0.610327	-0.486945	1.097272
0.722000	0.278000	3.000000	2.779521	-0.287284	0.610102	-0.486924	1.097026
0.723000	0.277000	3.000000	2.787179	-0.287752	0.609880	-0.486906	1.096786
0.724000	0.276000	3.000000	2.794893	-0.288223	0.609662	-0.486891	1.096553
0.725000	0.275000	3.000000	2.802664	-0.288698	0.609447	-0.486880	1.096326
0.726000	0.274000	3.000000	2.810492	-0.289176	0.609235	-0.486871	1.096106
0.727000	0.273000	3.000000	2.818377	-0.289658	0.609027	-0.486866	1.095893
0.728000	0.272000	3.000000	2.826321	-0.290143	0.608821	-0.486865	1.095686
0.729000	0.271000	3.000000	2.834324	-0.290632	0.608620	-0.486866	1.095486
0.730000	0.270000	3.000000	2.842387	-0.291124	0.608421	-0.486871	1.095293
0.731000	0.269000	3.000000	2.850510	-0.291620	0.608226	-0.486880	1.095106
0.732000	0.268000	3.000000	2.858694	-0.292120	0.608035	-0.486892	1.094927
0.733000	0.267000	3.000000	2.866940	-0.292624	0.607847	-0.486908	1.094755
0.734000	0.266000	3.000000	2.875248	-0.293132	0.607663	-0.486927	1.094590
0.735000	0.265000	3.000000	2.883620	-0.293643	0.607482	-0.486950	1.094432
0.736000	0.264000	3.000000	2.892055	-0.294158	0.607306	-0.486976	1.094282
0.737000	0.263000	3.000000	2.900555	-0.294677	0.607132	-0.487006	1.094139
0.738000	0.262000	3.000000	2.909121	-0.295201	0.606963	-0.487040	1.094003
0.739000	0.261000	3.000000	2.917753	-0.295728	0.606797	-0.487078	1.093875
0.740000	0.260000	3.000000	2.926451	-0.296259	0.606635	-0.487119	1.093755
0.741000	0.259000	3.000000	2.935217	-0.296795	0.606477	-0.487165	1.093642
0.742000	0.258000	3.000000	2.944052	-0.297334	0.606323	-0.487214	1.093537
0.743000	0.257000	3.000000	2.952956	-0.297878	0.606173	-0.487267	1.093440
0.744000	0.256000	3.000000	2.961930	-0.298426	0.606027	-0.487324	1.093352
0.745000	0.255000	3.000000	2.970975	-0.298979	0.605885	-0.487386	1.093271
0.746000	0.254000	3.000000	2.980092	-0.299536	0.605748	-0.487451	1.093199
0.747000	0.253000	3.000000	2.989282	-0.300097	0.605614	-0.487521	1.093135
0.748000	0.252000	3.000000	2.998545	-0.300663	0.605485	-0.487594	1.093079
0.749000	0.251000	3.000000	3.000000	-0.300333	0.605358	-0.486027	1.091385
0.750000	0.250000	3.000000	3.000000	-0.299832	0.605232	-0.484155	1.089387
0.751000	0.249000	3.000000	3.000000	-0.299328	0.605106	-0.482284	1.087389
0.752000	0.248000	3.000000	3.000000	-0.298819	0.604980	-0.480412	1.085392
0.753000	0.247000	3.000000	3.000000	-0.298306	0.604854	-0.478541	1.083396
0.754000	0.246000	3.000000	3.000000	-0.297789	0.604729	-0.476670	1.081400
0.755000	0.245000	3.000000	3.000000	-0.297268	0.604604	-0.474800	1.079404
0.756000	0.244000	3.000000	3.000000	-0.296743	0.604479	-0.472930	1.077409
0.757000	0.243000	3.000000	3.000000	-0.296213	0.604355	-0.471060	1.075415
0.758000	0.242000	3.000000	3.000000	-0.295679	0.604231	-0.469190	1.073421
0.759000	0.241000	3.000000	3.000000	-0.295140	0.604107	-0.467320	1.071427
0.760000	0.240000	3.000000	3.000000	-0.294597	0.603983	-0.465451	1.069435
0.761000	0.239000	3.000000	3.000000	-0.294050	0.603860	-0.463582	1.067443
0.762000	0.238000	3.000000	3.000000	-0.293497	0.603737	-0.461714	1.065451
0.763000	0.237000	3.000000	3.000000	-0.292940	0.603615	-0.459845	1.063460
0.764000	0.236000	3.000000	3.000000	-0.292379	0.603492	-0.457977	1.061470
0.765000	0.235000	3.000000	3.000000	-0.291812	0.603370	-0.456110	1.059480
0.766000	0.234000	3.000000	3.000000	-0.291241	0.603248	-0.454242	1.057491
0.767000	0.233000	3.000000	3.000000	-0.290665	0.603127	-0.452375	1.055502
0.768000	0.232000	3.000000	3.000000	-0.290084	0.603006	-0.450508	1.053514
0.769000	0.231000	3.000000	3.000000	-0.289498	0.602885	-0.448642	1.051527
0.770000	0.230000	3.000000	3.000000	-0.288907	0.602765	-0.446776	1.049540
0.771000	0.229000	3.000000	3.000000	-0.288310	0.602644	-0.444910	1.047554
0.772000	0.228000	3.000000	3.000000	-0.287709	0.602525	-0.443044	1.045569
0.773000	0.227000	3.000000	3.000000	-0.287102	0.602405	-0.441179	1.043584
0.774000	0.226000	3.000000	3.000000	-0.286489	0.602286	-0.439314	1.041600
0.775000	0.225000	3.000000	3.000000	-0.285872	0.602167	-0.437450	1.039617
0.776000	0.224000	3.000000	3.000000	-0.285248	0.602049	-0.435585	1.037634
0.777000	0.223000	3.000000	3.000000	-0.284619	0.601931	-0.433721	1.035652
0.778000	0.222000	3.000000	3.000000	-0.283985	0.601813	-0.431858	1.033671
0.779000	0.221000	3.000000	3.000000	-0.283345	0.601696	-0.429995	1.031691
0.780000	0.220000	3.000000	3.000000	-0.282699	0.601579	-0.428132	1.029711
0.781000	0.219000	3.000000	3.000000	-0.282047	0.601462	-0.426270	1.027732
0.782000	0.218000	3.000000	3.000000	-0.281389	0.601346	-0.424408	1.025754
0.783000	0.217000	3.000000	3.000000	-0.280724	0.601230	-0.422546	1.023776
0.784000	0.216000	3.000000	3.000000	-0.280054	0.601115	-0.420685	1.021799
0.785000	0.215000	3.000000	3.000000	-0.279378	0.601000	-0.418824	1.019823
0.786000	0.214000	3.000000	3.000000	-0.278695	0.600885	-0.416963	1.017848
0.787000	0.213000	3.000000	3.000000	-0.278006	0.600771	-0.415103	1.015874
0.788000	0.212000	3.000000	3.000000	-0.277310	0.600657	-0.413243	1.013901
0.789000	0.211000	3.000000	3.000000	-0.276608	0.600544	-0.411384	1.011928
0.790000	0.210000	3.000000	3.000000	-0.275899	0.600431	-0.409525	1.009956
0.791000	0.209000	3.000000	3.000000	-0.275183	0.600319	-0.407667	1.007985
0.792000	0.208000	3.000000	3.000000	-0.274460	0.600206	-0.405809	1.006015
0.793000	0.207000	3.000000	3.000000	-0.273731	0.600095	-0.403951	1.004046
0.794000	0.206000	3.000000	3.000000	-0.272994	0.599984	-0.402094	1.002078
0.795000	0.205000	3.000000	3.000000	-0.272250	0.599873	-0.400237	1.000110
0.796000	0.204000	3.000000	3.000000	-0.271499	0.599763	-0.398381	0.998144
0.797000	0.203000	3.000000	3.000000	-0.270740	0.599653	-0.396525	0.996178
0.798000	0.202000	3.000000	3.000000	-0.269974	0.599544	-0.394670	0.994214
0.799000	0.201000	3.000000	3.000000	-0.269200	0.599435	-0.392815	0.992250
0.800000	0.200000	3.000000	3.000000	-0.268419	0.599327	-0.390961	0.990287
0.801000	0.199000	3.000000	3.000000	-0.267629	0.599219	-0.389107	0.988326
0.802000	0.198000	3.000000	3.000000	-0.266832	0.599112	-0.387253	0.986365
0.803000	0.197000	3.000000	3.000000	-0.266027	0.599005	-0.385400	0.984405
0.804000	0.196000	3.000000	3.000000	-0.265213	0.598899	-0.383548	0.982447
0.805000	0.195000	3.000000	3.000000	-0.264391	0.598793	-0.381696	0.980489
0.806000	0.194000	3.000000	3.000000	-0.263560	0.598688	-0.379845	0.978533
0.807000	0.193000	3.000000	3.000000	-0.262721	0.598584	-0.377994	0.976578
0.808000	0.192000	3.000000	3.000000	-0.261873	0.598480	-0.376144	0.974623
0.809000	0.191000	3.000000	3.000000	-0.261017	0.598376	-0.374294	0.972670
0.810000	0.190000	3.000000	3.000000	-0.260151	0.598273	-0.372445	0.970718
0.811000	0.189000	3.000000	3.000000	-0.259276	0.598171	-0.370596	0.968767
0.812000	0.188000	3.000000	3.000000	-0.258392	0.598069	-0.368748	0.966818
0.813000	0.187000	3.000000	3.000000	-0.257498	0.597968	-0.366901	0.964869
0.814000	0.186000	3.000000	3.000000	-0.256595	0.597868	-0.365054	0.962922
0.815000	0.185000	3.000000	3.000000	-0.255681	0.597768	-0.363208	0.960976
0.816000	0.184000	3.000000	3.000000	-0.254758	0.597669	-0.361362	0.959031
0.817000	0.183000	3.000000	3.000000	-0.253825	0.597570	-0.359517	0.957088
0.818000	0.182000	3.000000	3.000000	-0.252882	0.597472	-0.357673	0.955145
0.819000	0.181000	3.000000	3.000000	-0.251928	0.597375	-0.355829	0.953204
0.820000	0.180000	3.000000	3.000000	-0.250964	0.597279	-0.353986	0.951265
0.821000	0.179000	3.000000	3.000000	-0.249988	0.597183	-0.352144	0.949327
0.822000	0.178000	3.000000	3.000000	-0.249002	0.597088	-0.350302	0.947390
0.823000	0.177000	3.000000	3.000000	-0.248005	0.596993	-0.348461	0.945454
0.824000	0.176000	3.000000	3.000000	-0.246996	0.596900	-0.346621	0.943520
0.825000	0.175000	3.000000	3.000000	-0.245976	0.596807	-0.344781	0.941588
0.826000	0.174000	3.000000	3.000000	-0.244944	0.596715	-0.342942	0.939657
0.827000	0.173000	3.000000	3.000000	-0.243900	0.596623	-0.341104	0.937727
0.828000	0.172000	3.000000	3.000000	-0.242844	0.596532	-0.339267	0.935799
0.829000	0.171000	3.000000	3.000000	-0.241776	0.596443	-0.337430	0.933873
0.830000	0.170000	3.000000	3.000000	-0.240695	0.596354	-0.335595	0.931948
0.831000	0.169000	3.000000	3.000000	-0.239601	0.596265	-0.333760	0.930025
0.832000	0.168000	3.000000	3.000000	-0.238494	0.596178	-0.331925	0.928103
0.833000	0.167000	3.000000	3.000000	-0.237374	0.596091	-0.330092	0.926183
0.834000	0.166000	3.000000	3.000000	-0.236241	0.596006	-0.328259	0.924265
0.835000	0.165000	3.000000	3.000000	-0.235093	0.595921	-0.326428	0.922349
0.836000	0.164000	3.000000	3.000000	-0.233932	0.595837	-0.324597	0.920434
0.837000	0.163000	3.000000	3.000000	-0.232756	0.595754	-0.322767	0.918521
0.838000	0.162000	3.000000	3.000000	-0.231566	0.595672	-0.320938	0.916610
0.839000	0.161000	3.000000	3.000000	-0.230361	0.595591	-0.319110	0.914701
0.840000	0.160000	3.000000	3.000000	-0.229141	0.595511	-0.317283	0.912794
0.841000	0.159000	3.000000	3.000000	-0.227906	0.595432	-0.315457	0.910888
0.842000	0.158000	3.000000	3.000000	-0.226655	0.595354	-0.313631	0.908985
0.843000	0.157000	3.000000	3.000000	-0.225388	0.595276	-0.311807	0.907083
0.844000	0.156000	3.000000	3.000000	-0.224105	0.595200	-0.309984	0.905184
0.845000	0.155000	3.000000	3.000000	-0.222805	0.595125	-0.308162	0.903287
0.846000	0.154000	3.000000	3.000000	-0.221489	0.595051	-0.306340	0.901392
0.847000	0.153000	3.000000	3.000000	-0.220155	0.594979	-0.304520	0.899499
0.848000	0.152000	3.000000	3.000000	-0.218803	0.594907	-0.302701	0.897608
0.849000	0.151000	3.000000	3.000000	-0.217434	0.594836	-0.300883	0.895720
0.850000	0.150000	3.000000	3.000000	-0.216046	0.594767	-0.299067	0.893834
0.851000	0.149000	3.000000	3.000000	-0.214640	0.594699	-0.297251	0.891950
0.852000	0.148000	3.000000	3.000000	-0.213215	0.594632	-0.295437	0.890068
0.853000	0.147000	3.000000	3.000000	-0.211770	0.594566	-0.293623	0.888189
0.854000	0.146000	3.000000	3.000000	-0.210306	0.594502	-0.291811	0.886313
0.855000	0.145000	3.000000	3.000000	-0.208821	0.594439	-0.290001	0.884439
0.856000	0.144000	3.000000	3.000000	-0.207316	0.594377	-0.288191	0.882568
0.857000	0.143000	3.000000	3.000000	-0.205789	0.594316	-0.286383	0.880699
0.858000	0.142000	3.000000	3.000000	-0.204241	0.594257	-0.284576	0.878833
0.859000	0.141000	3.000000	3.000000	-0.202671	0.594200	-0.282771	0.876970
0.860000	0.140000	3.000000	3.000000	-0.201079	0.594143	-0.280967	0.875110
0.861000	0.139000	3.000000	3.000000	-0.199464	0.594089	-0.279164	0.873253
0.862000	0.138000	3.000000	3.000000	-0.197825	0.594035	-0.277363	0.871398
0.863000	0.137000	3.000000	3.000000	-0.196162	0.593984	-0.275563	0.869547
0.864000	0.136000	3.000000	3.000000	-0.194475	0.593933	-0.273765	0.867698
0.865000	0.135000	3.000000	3.000000	-0.192763	0.593885	-0.271968	0.865853
0.866000	0.134000	3.000000	3.000000	-0.191025	0.593838	-0.270173	0.864011
0.867000	0.133000	3.000000	3.000000	-0.189261	0.593793	-0.268380	0.862173
0.868000	0.132000	3.000000	3.000000	-0.187471	0.593749	-0.266588	0.860337
0.869000	0.131000	3.000000	3.000000	-0.185653	0.593707	-0.264798	0.858505
0.870000	0.130000	3.000000	3.000000	-0.183807	0.593667	-0.263010	0.856677
0.871000	0.129000	3.000000	3.000000	-0.181932	0.593629	-0.261223	0.854853
0.872000	0.128000	3.000000	3.000000	-0.180028	0.593593	-0.259438	0.853032
0.873000	0.127000	3.000000	3.000000	-0.178094	0.593559	-0.257656	0.851214
0.874000	0.126000	3.000000	3.000000	-0.176130	0.593526	-0.255875	0.849401
0.875000	0.125000	3.000000	3.000000	-0.174134	0.593496	-0.254096	0.847592
0.876000	0.124000	3.000000	3.000000	-0.172105	0.593468	-0.252319	0.845787
0.877000	0.123000	3.000000	3.000000	-0.170044	0.593442	-0.250544	0.843985
0.878000	0.122000	3.000000	3.000000	-0.167949	0.593418	-0.248771	0.842189
0.879000	0.121000	3.000000	3.000000	-0.165819	0.593396	-0.247000	0.840396
0.880000	0.120000	3.000000	3.000000	-0.163653	0.593377	-0.245232	0.838608
0.881000	0.119000	3.000000	3.000000	-0.161451	0.593359	-0.243465	0.836825
0.882000	0.118000	3.000000	3.000000	-0.159212	0.593345	-0.241702	0.835046
0.883000	0.117000	3.000000	3.000000	-0.156935	0.593332	-0.239940	0.833272
0.884000	0.116000	3.000000	3.000000	-0.154618	0.593323	-0.238181	0.831504
0.885000	0.115000	3.000000	3.000000	-0.152261	0.593315	-0.236424	0.829740
0.886000	0.114000	3.000000	3.000000	-0.149862	0.593311	-0.234670	0.827981
0.887000	0.113000	3.000000	3.000000	-0.147421	0.593309	-0.232919	0.826228
0.888000	0.112000	3.000000	3.000000	-0.144936	0.593310	-0.231170	0.824480
0.889000	0.111000	3.000000	3.000000	-0.142407	0.593314	-0.229424	0.822738
0.890000	0.110000	3.000000	3.000000	-0.139831	0.593321	-0.227681	0.821002
0.891000	0.109000	3.000000	3.000000	-0.137208	0.593331	-0.225941	0.819272
0.892000	0.108000	3.000000	3.000000	-0.134537	0.593344	-0.224204	0.817548
0.893000	0.107000	3.000000	3.000000	-0.131815	0.593360	-0.222470	0.815830
0.894000	0.106000	3.000000	3.000000	-0.129043	0.593380	-0.220739	0.814119
0.895000	0.105000	3.000000	3.000000	-0.126217	0.593402	-0.219012	0.812414
0.896000	0.104000	3.000000	3.000000	-0.123337	0.593429	-0.217288	0.810717
0.897000	0.103000	3.000000	3.000000	-0.120401	0.593459	-0.215567	0.809026
0.898000	0.102000	3.000000	3.000000	-0.117407	0.593493	-0.213850	0.807343
0.899000	0.101000	3.000000	3.000000	-0.114354	0.593530	-0.212137	0.805667
0.900000	0.100000	3.000000	3.000000	-0.111239	0.593571	-0.210427	0.803998
0.901000	0.099000	3.000000	3.000000	-0.108062	0.593617	-0.208721	0.802338
0.902000	0.098000	3.000000	3.000000	-0.104820	0.593667	-0.207020	0.800686
0.903000	0.097000	3.000000	3.000000	-0.101511	0.593720	-0.205322	0.799043
0.904000	0.096000	3.000000	3.000000	-0.098133	0.593779	-0.203629	0.797408
0.905000	0.095000	3.000000	3.000000	-0.094683	0.593842	-0.201940	0.795782
0.906000	0.094000	3.000000	3.000000	-0.091160	0.593909	-0.200256	0.794165
0.907000	0.093000	3.000000	3.000000	-0.087562	0.593982	-0.198576	0.792558
0.908000	0.092000	3.000000	3.000000	-0.083885	0.594059	-0.196902	0.790961
0.909000	0.091000	3.000000	3.000000	-0.080127	0.594142	-0.195232	0.789374
0.910000	0.090000	3.000000	3.000000	-0.076285	0.594230	-0.193567	0.787798
0.911000	0.089000	3.000000	3.000000	-0.072357	0.594324	-0.191908	0.786232
0.912000	0.088000	3.000000	3.000000	-0.068340	0.594423	-0.190255	0.784678
0.913000	0.087000	3.000000	3.000000	-0.064230	0.594528	-0.188607	0.783136
0.914000	0.086000	3.000000	3.000000	-0.060024	0.594640	-0.186965	0.781605
0.915000	0.085000	3.000000	3.000000	-0.055720	0.594758	-0.185329	0.780087
0.916000	0.084000	3.000000	3.000000	-0.051312	0.594882	-0.183700	0.778582
0.917000	0.083000	3.000000	3.000000	-0.046798	0.595013	-0.182077	0.777091
0.918000	0.082000	3.000000	3.000000	-0.042175	0.595152	-0.180461	0.775613
0.919000	0.081000	3.000000	3.000000	-0.037436	0.595297	-0.178853	0.774150
0.920000	0.080000	3.000000	3.000000	-0.032579	0.595450	-0.177251	0.772702
0.921000	0.079000	3.000000	3.000000	-0.027599	0.595612	-0.175657	0.771269
0.922000	0.078000	3.000000	3.000000	-0.022491	0.595781	-0.174071	0.769852
0.923000	0.077000	3.000000	3.000000	-0.017251	0.595959	-0.172494	0.768453
0.924000	0.076000	3.000000	3.000000	-0.011872	0.596146	-0.170925	0.767070
0.925000	0.075000	3.000000	3.000000	-0.006349	0.596341	-0.169365	0.765706
0.926000	0.074000	3.000000	3.000000	-0.000677	0.596547	-0.167814	0.764361
0.927000	0.073000	3.000000	3.000000	0.005151	0.596763	-0.166273	0.763035
0.928000	0.072000	3.000000	3.000000	0.011141	0.596988	-0.164742	0.761730
0.929000	0.071000	3.000000	3.000000	0.017300	0.597225	-0.163221	0.760446
0.930000	0.070000	3.000000	3.000000	0.023635	0.597473	-0.161711	0.759185
0.931000	0.069000	3.000000	3.000000	0.030154	0.597733	-0.160213	0.757946
0.932000	0.068000	3.000000	3.000000	0.036865	0.598005	-0.158727	0.756732
0.933000	0.067000	3.000000	3.000000	0.043777	0.598291	-0.157253	0.755543
0.934000	0.066000	3.000000	3.000000	0.050899	0.598589	-0.155792	0.754381
0.935000	0.065000	3.000000	3.000000	0.058240	0.598902	-0.154344	0.753246
0.936000	0.064000	3.000000	3.000000	0.065811	0.599229	-0.152911	0.752141
0.937000	0.063000	3.000000	3.000000	0.073623	0.599572	-0.151493	0.751065
0.938000	0.062000	3.000000	3.000000	0.081688	0.599931	-0.150091	0.750022
0.939000	0.061000	3.000000	3.000000	0.090017	0.600307	-0.148705	0.749012
0.940000	0.060000	3.000000	3.000000	0.098625	0.600701	-0.147336	0.748037
0.941000	0.059000	3.000000	3.000000	0.107524	0.601114	-0.145986	0.747099
0.942000	0.058000	3.000000	3.000000	0.116732	0.601546	-0.144654	0.746200
0.943000	0.057000	3.000000	3.000000	0.126263	0.601999	-0.143343	0.745342
0.944000	0.056000	3.000000	3.000000	0.136135	0.602474	-0.142053	0.744527
0.945000	0.055000	3.000000	3.000000	0.146367	0.602972	-0.140785	0.743757
0.946000	0.054000	3.000000	3.000000	0.156979	0.603495	-0.139541	0.743036
0.947000	0.053000	3.000000	3.000000	0.167992	0.604043	-0.138321	0.742364
0.948000	0.052000	3.000000	3.000000	0.179430	0.604618	-0.137128	0.741747
0.949000	0.051000	3.000000	3.000000	0.191318	0.605223	-0.135963	0.741186
0.950000	0.050000	3.000000	3.000000	0.203682	0.605858	-0.134828	0.740686
0.951000	0.049000	3.000000	3.000000	0.216551	0.606525	-0.133724	0.740249
0.952000	0.048000	3.000000	3.000000	0.229959	0.607227	-0.132653	0.739880
0.953000	0.047000	3.000000	3.000000	0.243938	0.607966	-0.131618	0.739583
0.954000	0.046000	3.000000	3.000000	0.258527	0.608743	-0.130620	0.739363
0.955000	0.045000	3.000000	3.000000	0.273766	0.609563	-0.129663	0.739226
0.956000	0.044000	3.000000	3.000000	0.289699	0.610426	-0.128749	0.739176
0.957000	0.043000	3.000000	3.000000	0.306376	0.611338	-0.127881	0.739219
0.958000	0.042000	3.000000	3.000000	0.323849	0.612301	-0.127063	0.739364
0.959000	0.041000	3.000000	3.000000	0.342177	0.613318	-0.126297	0.739616
0.960000	0.040000	3.000000	3.000000	0.361424	0.614395	-0.125589	0.739984
0.961000	0.039000	3.000000	3.000000	0.381660	0.615535	-0.124942	0.740477
0.962000	0.038000	3.000000	3.000000	0.402966	0.616744	-0.124362	0.741105
0.963000	0.037000	3.000000	3.000000	0.425427	0.618026	-0.123853	0.741879
0.964000	0.036000	3.000000	3.000000	0.449139	0.619390	-0.123422	0.742811
0.965000	0.035000	3.000000	3.000000	0.474212	0.620840	-0.123075	0.743915
0.966000	0.034000	3.000000	3.000000	0.500764	0.622385	-0.122820	0.745205
0.967000	0.033000	3.000000	3.000000	0.528931	0.624034	-0.122665	0.746699
0.968000	0.032000	3.000000	3.000000	0.558866	0.625796	-0.122620	0.748416
0.969000	0.031000	3.000000	3.000000	0.590739	0.627683	-0.122695	0.750378
0.970000	0.030000	3.000000	3.000000	0.624745	0.629707	-0.122903	0.752610
0.971000	0.029000	3.000000	3.000000	0.661107	0.631881	-0.123257	0.755138
0.972000	0.028000	3.000000	3.000000	0.700076	0.634223	-0.123773	0.757996
0.973000	0.027000	3.000000	3.000000	0.741945	0.636751	-0.124468	0.761220
0.974000	0.026000	3.000000	3.000000	0.787050	0.639487	-0.125365	0.764852
0.975000	0.025000	3.000000	3.000000	0.835780	0.642455	-0.126486	0.768942
0.976000	0.024000	3.000000	3.000000	0.888591	0.645686	-0.127861	0.773547
0.977000	0.023000	3.000000	3.000000	0.946019	0.649212	-0.129522	0.778734
0.978000	0.022000	3.000000	3.000000	1.008695	0.653075	-0.131509	0.784585
0.979000	0.021000	3.000000	3.000000	1.077374	0.657323	-0.133869	0.791192
0.980000	0.020000	3.000000	3.000000	1.152963	0.662015	-0.136657	0.798673
0.981000	0.019000	3.000000	3.000000	1.236558	0.667221	-0.139943	0.807163
0.982000	0.018000	3.000000	3.000000	1.329504	0.673026	-0.143809	0.816834
0.983000	0.017000	3.000000	3.000000	1.433461	0.679538	-0.148358	0.827895
0.984000	0.016000	3.000000	3.000000	1.550510	0.686890	-0.153719	0.840609
0.985000	0.015000	3.000000	3.000000	1.683290	0.695251	-0.160057	0.855308
0.986000	0.014000	3.000000	3.000000	1.835202	0.704840	-0.167583	0.872422
0.987000	0.013000	3.000000	3.000000	2.010700	0.715942	-0.176572	0.892514
0.988000	0.012000	3.000000	3.000000	2.215740	0.728940	-0.187395	0.916334
0.989000	0.011000	3.000000	3.000000	2.458468	0.744356	-0.200556	0.944912
0.990000	0.010000	3.000000	3.000000	2.750325	0.762924	-0.216767	0.979691
0.991000	0.009000	3.000000	3.000000	3.000000	0.785498	-0.223486	1.008985
0.992000	0.008000	3.000000	3.000000	3.000000	0.809332	-0.197014	1.006346
0.993000	0.007000	3.000000	3.000000	3.000000	0.833165	-0.170542	1.003708
0.994000	0.006000	3.000000	3.000000	3.000000	0.856999	-0.144070	1.001069
0.995000	0.005000	3.000000	3.000000	3.000000	0.880832	-0.117598	0.998431
0.996000	0.004000	3.000000	3.000000	3.000000	0.904666	-0.091126	0.995792
0.997000	0.003000	3.000000	3.000000	3.000000	0.928499	-0.064654	0.993153
0.998000	0.002000	3.000000	3.000000	3.000000	0.952333	-0.038182	0.990515
0.999000	0.001000	3.000000	3.000000	3.000000	0.976166	-0.011710	0.987876
