Date,Maricopa County,Pima County,Pinal County,Yavapai County,Yuma County,Mohave County,Coconino County,Cochise County,Navajo County,Apache County,Gila County,Santa Cruz County,Graham County,La Paz County,Greenlee County
1/31/2000,145884.6161,121453.2219,134413.1574,137731.7724,,94178.77898,153125.6928,,83858.73149,,76678.40045,67944.37778,85679.56584,,53759.57047
2/29/2000,146187.0472,121624.6988,134736.8223,137826.4332,,94211.6031,153273.8293,,84010.25244,,76696.01144,68052.30282,85619.70209,,53856.80312
3/31/2000,146581.1197,121816.3213,134971.8319,137745.7383,,94376.1784,153481.8082,,84399.74023,,76779.44664,68107.85847,85646.82615,,53751.82277
4/30/2000,147387.7664,122131.3638,135407.5952,137734.925,,94745.268,153971.3576,,85095.25558,,77045.85676,68354.9633,85711.91613,,53699.45064
5/31/2000,148275.4295,122529.3858,135602.5243,137892.575,,95204.51984,154626.8644,,85831.92013,,77482.9263,68727.04511,85904.28266,,53729.64646
6/30/2000,149034.6043,122976.6708,135811.1048,138392.6454,,95627.54636,155313.4393,,86409.85134,,77969.23396,69230.29876,86212.03425,,53796.59646
7/31/2000,149796.8882,123502.1138,136031.996,139130.5484,,95951.30747,156099.4517,,86885.82444,,78404.96833,69565.97259,86637.45022,,53940.92396
8/31/2000,150507.1746,124035.6406,136301.186,140161.1839,,96337.43148,156624.8148,,87483.98266,,78792.92817,69890.95407,87078.11867,,54046.76917
9/30/2000,151303.4096,124583.9529,136773.4848,141094.6959,,96795.10085,157233.9384,,88273.29857,,79141.38372,70132.94655,87520.38914,,54380.88278
10/31/2000,152043.238,125190.7906,137314.2402,141921.8509,,97275.41205,157839.0097,,89131.40169,,79436.92116,70481.6219,87933.01088,,54749.1335
11/30/2000,152792.0488,125706.9738,137922.1291,142378.644,,97676.85339,158698.5966,,89982.61118,,79740.07126,70771.62954,88393.6765,,55062.68349
12/31/2000,153547.8671,126181.8072,138363.9894,142757.9258,,97938.74927,159388.708,,90757.7668,,79921.79877,71182.75622,88804.40135,,55325.58582
1/31/2001,154263.9177,126589.306,138813.1001,143106.3673,,98119.54187,159858.7348,,91285.20798,,80272.53282,71769.53775,89317.12083,,55804.73562
2/28/2001,154953.2503,127017.1564,139191.4573,143523.4816,,98301.75183,160357.997,,91639.50825,,80588.43088,72475.76691,89842.91635,,56238.44972
3/31/2001,155627.752,127413.2465,139485.6229,144250.0691,,98601.26842,161060.323,,91823.36471,,81111.17808,73130.07309,90415.56303,,56660.80847
4/30/2001,156325.1792,127865.3731,139924.2926,145153.1092,,99070.04531,161935.3722,,92102.79366,,81614.18767,73616.52081,90877.71802,,56639.03709
5/31/2001,157033.9339,128390.8826,140366.2664,146153.6801,,99520.50674,162722.4492,,92319.26938,,82218.54789,74090.24226,91286.85353,,56641.69956
6/30/2001,157729.6095,129055.1997,140845.4308,146953.3125,,99967.8569,163504.4927,,92597.50783,,82829.04511,74606.92707,91743.54437,,56557.90376
7/31/2001,158374.4678,129784.2074,141064.7483,147713.9111,,100375.1131,164315.3525,,92882.07198,,83427.91692,75176.64667,92246.9862,,56844.28349
8/31/2001,158988.9192,130556.4112,141440.166,148402.1524,,100987.2828,165281.4295,,93349.69489,,83903.91045,75642.18637,92748.92445,,57010.90805
9/30/2001,159599.2367,131320.7272,141692.7629,149265.7666,,101666.9506,166210.6965,,93716.3298,,84288.95272,76106.99441,93186.02096,,57139.46469
10/31/2001,160263.79,132124.3792,142092.0429,150118.0835,,102383.7436,167143.234,,94209.3414,,84504.30726,76613.90606,93472.13722,,57097.73778
11/30/2001,160991.8806,132803.3085,142606.354,151015.0323,,103099.1403,168124.7452,,94576.26846,,84740.2721,77142.13047,93759.13279,,57299.70443
12/31/2001,161667.8303,133444.5927,143273.9483,151814.58,,103745.3369,169320.5291,,95018.41959,,84837.93089,77599.71267,93960.29447,,57567.94744
1/31/2002,162213.0818,133931.8745,144002.7437,152528.0951,,104358.7325,170388.8653,,95298.44386,,85058.54324,78032.3543,94227.62715,,57756.19497
2/28/2002,162673.518,134454.2014,144652.1398,153223.3012,,104817.0916,171274.7567,,95666.08902,,85284.15156,78440.94334,94495.79702,,57813.03125
3/31/2002,163194.02,134985.7775,145337.2427,154011.9953,,105273.5907,171931.2876,,96178.72424,,85675.12779,78912.05861,94790.33807,,57750.01616
4/30/2002,163792.1955,135600.4896,145960.9065,154908.9066,116264.8009,105802.9387,172810.1509,,96833.9166,,86046.6363,79390.79298,95078.60649,,57797.09269
5/31/2002,164370.0406,136356.4429,146396.0867,155924.1443,116295.9884,106507.7832,173582.9439,,97443.90033,,86547.22721,79876.20477,95372.59281,,57911.68077
6/30/2002,165035.2185,137206.5564,146716.4455,156969.1005,116468.8247,107425.7715,174346.6505,,97868.84106,,87136.67244,80344.96359,95694.84817,,58104.51286
7/31/2002,165770.2706,138118.6071,146928.7151,158075.4823,116764.3975,108387.1994,175064.7338,,98104.04194,,87767.6436,80797.37411,95996.69588,,58207.65923
8/31/2002,166667.0059,138954.9526,147260.6072,159218.8444,117279.4246,109438.0227,176021.4581,,98269.10003,,88212.73404,81247.54184,96219.45547,,58141.53604
9/30/2002,167402.982,139714.2623,147643.9324,160173.2669,117706.5128,110504.5893,177034.7072,,98554.58098,,88576.54295,81695.03119,96431.28489,,58225.59291
10/31/2002,168108.8956,140639.2871,147953.9628,161043.0628,118069.4116,111737.2974,177992.9714,,98978.46556,,88789.57872,82107.25451,96643.15716,,58338.2895
11/30/2002,168726.8772,141553.1744,148157.7498,161798.9834,118202.7181,112998.264,178928.9136,,99497.84999,,89031.81757,82505.28345,96915.91301,,58651.94647
12/31/2002,169445.0955,142502.5015,148324.2495,162618.3035,118371.5513,114309.8025,179987.4478,,99870.18119,,89096.84323,82802.02505,97181.17296,,58945.09888
1/31/2003,170121.043,143210.7117,148520.0699,163506.9611,118507.0907,115705.8471,180997.9882,,100076.743,,89244.73853,83150.62771,97434.90611,,59430.64925
2/28/2003,170837.0093,143975.9113,148616.4236,164256.7399,118763.4845,117089.8487,182111.179,,100321.0212,,89408.09212,83512.56612,97699.20365,,59755.16207
3/31/2003,171461.9996,144681.8736,148753.697,165232.7623,119130.6351,118507.9282,183292.9289,,100547.1006,,89750.36099,83926.70543,97948.28491,,59995.22206
4/30/2003,172166.5513,145517.4507,149020.3834,166215.3123,119623.4113,120026.1769,184574.7547,,100915.3903,,90114.13582,84293.33112,98256.62475,,60023.27695
5/31/2003,172873.4704,146414.714,149428.4997,167296.4462,120221.6379,121841.6682,185970.8418,,101176.3156,,90588.04968,84637.38855,98556.45752,,60127.96127
6/30/2003,173660.4961,147506.7699,149814.9042,168212.6191,120822.349,123880.5586,187439.084,,101469.6344,,91109.48875,84949.66735,98872.2955,,60119.62258
7/31/2003,174452.0367,148764.9574,150216.5853,169057.6839,121484.4349,125890.0421,189233.8661,,101886.5692,,91670.86686,85277.34534,99173.46468,,60063.50608
8/31/2003,175314.0744,150083.7621,150704.0493,170032.3509,122161.8143,127864.8437,191469.6147,,102521.5018,,92322.77541,85865.18471,99749.70085,,60041.24833
9/30/2003,176336.4746,151295.5464,151285.1179,171010.0883,122793.6205,129970.4269,193670.7687,,103260.387,,93045.58236,86649.5629,100470.4454,,60423.01979
10/31/2003,177387.2037,152324.2052,151819.3106,171998.7757,123463.5743,132371.8641,195462.434,,103974.1466,,93906.15871,87610.80362,101383.8885,,61084.2358
11/30/2003,178339.6863,153006.1536,152403.9623,172902.3023,124109.792,135029.8466,196652.7966,,104414.2632,,94505.17524,88253.81658,101993.508,,61729.10969
12/31/2003,179134.7013,153630.2945,153142.3128,173744.6728,124878.7555,137588.0127,197755.8495,,104920.551,,94918.07988,88775.35383,102524.0308,,62248.68042
1/31/2004,179812.3264,154243.8059,153893.6094,174582.8396,125615.9238,139720.98,199238.1417,,105346.4072,,95228.03929,89168.643,102943.8232,,62646.08731
2/29/2004,180640.4981,155222.0127,154628.6397,175587.2046,126342.6421,141487.2556,200882.3208,,105956.9554,,95934.91469,89959.66731,103644.1071,,63228.80332
3/31/2004,181684.9999,156266.6733,155120.6244,177048.5028,127117.3912,143279.4311,203058.5537,,106497.6583,,96940.94816,90984.90934,104529.7437,,63835.14119
4/30/2004,182980.1175,157542.5702,155689.9083,178912.5442,128101.772,145695.1328,205049.1948,,107205.061,,98129.20923,92162.83686,105621.0852,,64408.94278
5/31/2004,184577.8115,159087.0639,156181.0655,181115.8256,129339.8898,148854.1158,207348.3976,,108030.8997,,99249.33997,93201.57817,106582.4414,,64867.44156
6/30/2004,186320.7342,161108.2474,156772.1661,183466.3096,130944.8785,152466.1625,209507.9089,,108847.4828,,100616.7511,94354.83138,107712.6377,,65259.60708
7/31/2004,,163140.8872,157358.3056,185974.1129,132984.2698,156237.8534,212224.6704,,109562.3446,,102162.1963,95643.03434,109019.6097,,65764.31416
8/31/2004,191612.1114,165114.0025,158148.1104,188921.6859,135343.8538,160286.309,214917.4173,,110285.3727,,104055.7752,97320.47425,110873.473,,66430.53138
9/30/2004,194414.9655,167186.1887,159278.7195,191851.1425,137668.9084,164522.9528,218237.5732,,111027.9121,,105898.6158,99063.73174,112774.6424,,67290.75711
10/31/2004,197276.9355,169434.4986,161044.0601,194669.7574,140058.2815,168699.555,221931.8281,,112114.7058,,107604.0339,100798.194,114555.0817,,68220.62678
11/30/2004,200154.1786,171614.2204,,197197.5662,142227.2237,171974.7924,226171.3929,,113531.3009,,109430.5794,102712.4338,116409.747,,69519.08211
12/31/2004,203837.2419,173629.929,,199721.838,144189.9584,175112.0095,229492.2415,,115043.3824,,111291.5892,104743.0084,118405.0132,,70911.07824
1/31/2005,207904.1291,175654.3572,170600.1204,202811.1032,145551.257,177957.4858,232444.1689,,116324.3157,,113072.9211,107074.5004,120782.1984,,71771.56258
2/28/2005,213088.6697,178077.3256,173585.1325,205842.2059,146922.5079,180422.2353,235294.4184,,117514.0502,,113802.078,109008.9398,122812.3602,,
3/31/2005,218416.7939,181138.1945,176896.3508,209462.462,149435.0581,182752.9349,239260.937,,118754.5383,,114255.4138,110909.8279,124708.1657,,69409.6529
4/30/2005,224584.9804,185597.3552,181203.5015,213715.5144,153023.7001,185630.3265,243858.8996,,120259.3703,,115227.2563,113039.0442,126812.9775,,68557.25405
5/31/2005,231421.4582,191540.7367,187859.3455,219517.5167,157712.3813,189466.7169,248875.9182,,121596.5198,,117809.0901,115699.6071,129399.3408,,68487.16315
6/30/2005,240345.3741,198343.0922,195699.9503,226023.3661,163579.3506,193242.3421,254399.4544,,123186.7488,,121265.9482,119075.307,132913.8028,,68967.80628
7/31/2005,250528.4325,206003.1529,203899.877,232176.3399,170502.1566,196837.2414,260825.0754,,124775.3413,,125630.6649,122494.1559,136458.7534,,68458.78076
8/31/2005,260685.1935,212399.8451,213226.1695,238353.5554,178927.1683,200276.8233,269345.9579,,126925.8623,,130534.6571,125383.0918,140963.5046,,68691.31759
9/30/2005,271281.4461,218010.3935,221298.7807,245168.1355,186213.7328,204146.9059,277811.7999,,129568.0816,,135735.4928,127586.0973,144513.8467,,68767.04389
10/31/2005,280629.5776,222167.1382,227966.291,252174.7807,191637.5237,207524.1272,286295.9909,,132703.9602,,140900.4949,129083.8627,148453.1226,,70023.46262
11/30/2005,289522.083,225594.6677,232629.6295,258561.5809,194620.327,210885.778,293178.525,,135457.0398,,145162.7739,130331.6427,150946.8125,,71159.8451
12/31/2005,295116.895,228260.0766,237957.2283,263957.5019,197150.1069,213992.5833,300385.2921,,137958.7817,,148406.2778,132529.3154,153505.9388,,72315.63651
1/31/2006,297740.2712,228769.9713,242377.4232,268489.8354,199692.8828,217211.6804,307914.3462,,140091.6945,,150898.2699,136892.258,155303.833,,73076.7949
2/28/2006,301421.3005,230032.8742,243328.8057,271941.0551,201367.7672,220575.8284,314805.4562,,142512.6994,,153809.8232,140327.9625,156787.9261,,73611.85938
3/31/2006,305981.5544,232629.276,243706.2929,275863.6687,203807.5738,223746.9515,319117.3412,,145178.205,,157477.1209,143554.5274,158037.6961,,73987.47635
4/30/2006,311366.8972,235685.6175,245120.489,280714.0468,206631.1629,226893.3898,320719.4229,,148087.0591,,161026.4394,145633.9093,158991.5509,,74194.06171
5/31/2006,314187.7609,238324.8625,249247.6879,286317.745,210411.0392,230247.7931,321458.7165,,150489.664,,164170.688,149139.7466,159909.7765,,74438.67259
6/30/2006,315488.4448,239431.0087,251651.4023,290894.7131,212626.2809,232976.7344,324483.9672,,152741.2011,,167148.4919,152570.2828,160516.0204,,74487.906
7/31/2006,314966.3534,240122.9174,252836.172,293911.3504,213978.0441,235145.3558,329219.8561,,155142.2277,,170628.2801,155382.1334,160789.9247,,74701.99109
8/31/2006,312772.8407,240803.8604,253545.341,295438.2464,215792.3118,235984.5362,334612.4427,,158366.9326,,174163.2353,158548.3801,160999.5561,,74558.66242
9/30/2006,309360.0696,240797.9768,254122.268,295929.8989,217555.3786,237001.1435,337203.6733,,161770.4886,,177168.0241,161574.8403,161278.7581,,74557.55873
10/31/2006,307086.5282,239837.6017,255297.1065,296130.5015,218963.4182,237667.0089,336755.089,,164848.9914,,179497.9718,164884.8041,161642.9764,,74302.716
11/30/2006,304506.6893,238934.8853,254860.5799,295855.6933,219203.0109,237854.7967,333850.8951,,167329.7981,,181607.4429,167556.1256,161795.8212,,74090.41421
12/31/2006,302139.9625,237832.0591,253929.2891,294737.2306,218569.8009,237149.4433,332039.4216,,169907.8321,,184043.8783,169254.8277,161745.0954,,73770.98333
1/31/2007,299459.8353,237684.544,252775.3716,293900.083,218116.2786,236261.6354,330932.5968,,172025.7994,,186387.4077,167032.2766,161483.4225,,73688.12242
2/28/2007,297572.0871,236888.6467,252376.9955,293805.5301,217402.981,236026.0194,333274.0248,,174208.7762,,188338.4166,163447.2985,161163.4754,,73916.51131
3/31/2007,296413.9909,236898.9682,252587.7356,294147.2638,216913.4004,235355.3195,336264.3654,,175797.432,,189810.117,158907.4491,160747.6973,,74042.09485
4/30/2007,296062.4893,237305.2709,251171.7954,293785.7217,216190.0839,233789.9204,338695.9643,,177564.1743,,191188.8109,156907.5202,160243.7167,,73897.89072
5/31/2007,295899.0259,237227.7009,248844.1215,292579.0534,214649.0016,231103.6657,338497.3489,,179586.3362,,192909.3639,155899.4393,159548.7352,,73473.2348
6/30/2007,294997.105,236441.7498,246312.2512,291013.1135,213258.2032,228033.1635,337623.9631,,181449.462,,194548.0712,155676.46,158716.0939,,72906.5376
7/31/2007,293188.9247,235363.5931,244178.2815,288911.5147,212295.5788,225007.6926,336523.7542,,182797.8286,,195481.0265,155741.7386,157711.8614,,72267.88752
8/31/2007,290601.4296,234185.9712,241614.1877,286319.3194,211607.3889,222190.1088,335908.4475,,183094.0134,,195477.0844,155142.0665,156905.8757,,71655.55357
9/30/2007,287624.718,232067.6655,237317.005,283601.5656,210554.7863,219618.1281,334278.0877,,183133.2336,,195296.6623,153592.9217,156218.4815,,71182.54703
10/31/2007,284568.862,230058.3117,233856.2004,280773.8034,209505.6613,216929.9452,333160.73,,183239.1417,,195177.8114,151314.4648,155572.5846,,70658.52321
11/30/2007,280439.6732,227469.1158,230882.938,277904.3778,208697.6474,214059.2266,331274.0851,,183063.6031,,195202.2722,149957.254,154492.5292,,70050.06584
12/31/2007,275960.383,226139.0294,229212.5524,275278.0082,207985.4824,211416.1815,328595.4189,,182463.0883,,195461.087,149931.2946,152995.1199,,69324.61771
1/31/2008,271187.6589,224588.9325,227058.2445,273511.8202,206291.682,208723.3355,324441.5006,,181935.5374,,195112.8936,150880.6405,151181.3532,,68714.7768
2/29/2008,265513.2817,221955.3578,224758.4073,272435.0548,203562.3905,206118.8513,320403.4978,172751.1227,181495.4752,,194186.3834,151252.3521,149435.1197,,68029.0451
3/31/2008,259552.5105,218331.808,221490.103,270585.2991,200936.9299,203910.4552,315538.2514,171851.7276,180744.2345,,192095.024,150644.6258,147660.42,,67262.11657
4/30/2008,252484.0351,214479.7781,217375.4429,268066.0637,198718.7662,202059.5455,312425.8574,171586.7394,179091.932,,189831.6437,149044.7855,145715.6659,,66217.0767
5/31/2008,247055.0177,212316.1416,211748.0845,264199.1215,197330.9016,199493.5901,310063.9159,170517.654,177896.7448,,187613.4697,146744.6063,143671.7127,,65359.77871
6/30/2008,241949.9855,210015.1025,205060.6311,260235.5226,195063.9095,195760.5015,308337.3195,169651.2278,177061.4946,,185576.6654,144150.9198,141666.0424,165834.7911,64651.78863
7/31/2008,236719.166,207668.8074,197105.088,256442.0909,192319.6869,191174.7628,306246.5697,168457.7057,176942.2335,,183623.4281,141694.1149,139769.7103,164508.9487,64002.62993
8/31/2008,230047.9862,204383.0059,188789.6122,252728.5417,187998.9846,186770.8294,302500.9811,167182.5477,176264.2599,,181111.0498,139530.2353,138003.5326,163428.4238,63110.67047
9/30/2008,223207.0911,201503.6006,180938.0931,249950.7482,183823.4758,182553.515,298951.5331,165931.4144,175357.3161,,178324.086,137623.4211,136292.1659,161259.4934,62103.37991
10/31/2008,217481.9312,198642.5404,172600.1687,246968.8639,179689.9489,179347.9424,295383.029,164317.7263,173649.7895,,175483.8598,135684.9001,134590.3478,158944.886,60962.42369
11/30/2008,210545.3876,196394.1389,164737.1427,244270.9384,177139.7484,175812.6642,291943.0415,162808.5405,171778.4482,,172739.4256,133695.1061,132839.4659,156403.4827,59898.56413
12/31/2008,203154.4391,194041.3,157845.6624,240209.7701,175522.0722,172599.0382,288744.2669,161043.1078,169858.8205,,169959.964,131512.8718,131022.6346,153837.0458,58833.32757
1/31/2009,196037.9727,192358.0656,152254.1026,236020.3223,175181.2166,169149.9222,287647.1892,159574.4311,168610.2623,,167534.2706,130412.6756,129069.1225,151463.9393,58031.97014
2/28/2009,191657.3382,191128.998,147584.4544,232407.7172,175362.0026,166203.6258,286748.8853,158512.4415,167974.9606,,165734.6864,130007.437,127183.6907,149162.3299,57539.50085
3/31/2009,188080.6975,189306.6501,142602.8309,229233.3764,174561.0829,162588.5115,286344.6172,157835.2212,167541.5205,,164285.5386,130035.0354,125233.0654,146766.9754,57104.13913
4/30/2009,184668.9139,186931.7834,138338.4132,225999.7117,171892.8205,158665.0652,284029.7244,157136.6013,166624.3288,138638.8494,162380.346,128978.6557,123341.4796,144193.1125,56490.49636
5/31/2009,180669.0879,184216.2714,134591.329,222474.3639,167792.9141,154763.2771,281754.9525,156510.5191,164891.8316,138677.352,160047.6489,127320.8718,121344.5023,141702.1878,55576.05145
6/30/2009,177276.5494,181880.8456,131657.4553,219311.9052,164126.5935,151243.2633,279342.5295,155706.555,162632.8999,137953.0812,157516.0642,125271.6144,119380.7544,139308.8564,54553.13547
7/31/2009,174610.9523,179780.4048,129425.734,216078.2568,160400.6047,148280.5739,276753.44,154688.6295,160084.0299,136510.2439,155128.9794,123341.0303,117578.5295,137184.836,53657.00987
8/31/2009,172524.5659,177832.3034,127365.4782,212424.1373,155696.6324,145461.9791,272092.2263,152991.8912,157504.5417,134328.0105,152810.4778,121485.1718,115781.2514,135045.8819,52752.37207
9/30/2009,170715.6659,176240.3745,125198.7422,208266.6291,150563.4336,142705.2125,267601.972,151119.6453,154705.7779,132055.8561,150602.5104,119854.129,114116.1888,132913.172,51990.13643
10/31/2009,168161.9162,175241.5789,123121.948,204569.2709,148143.154,140296.4856,263393.956,149169.8849,152197.2965,129931.5657,148712.8199,118390.2227,112499.2367,130985.8945,51181.16825
11/30/2009,167227.7545,174379.7561,122222.5516,201682.229,148612.3658,138805.8565,263755.2546,147546.3159,150100.051,128166.7788,147095.6979,117136.7455,111134.7464,129491.5841,50228.13465
12/31/2009,167070.3871,174070.0055,121869.4756,199587.9577,149971.8095,138105.3039,265762.9709,146178.0632,148535.2528,126992.7462,145722.5474,115944.2582,109937.452,128118.6772,49233.71639
1/31/2010,167532.9071,172981.3224,122473.8502,197938.6707,150905.2344,137260.5811,267547.3838,145319.6528,147238.8088,127056.7381,144594.1928,114661.1103,108923.8918,127052.4681,48381.02202
2/28/2010,166788.5338,171765.7211,123513.8423,196514.9257,150988.1823,136551.274,267152.7147,144801.7169,145934.9884,127604.2233,143649.9544,113489.3531,108020.1962,125854.0962,48009.25341
3/31/2010,165557.1671,170815.7185,124751.9758,195145.1515,151250.4617,135990.6511,265750.5152,144465.1269,145078.7872,128387.7707,142890.8669,112567.5972,107234.3044,125039.209,47849.96762
4/30/2010,165044.8367,170660.5489,124691.2054,192902.7248,150921.565,135716.399,264823.8889,144303.1783,144460.4848,128511.4768,142154.2418,111908.9256,106449.2844,124148.6415,47742.08395
5/31/2010,164498.6237,170237.4405,122787.9468,191146.5298,150622.385,134603.8124,263295.7471,144021.4583,143937.112,128565.2444,141407.5608,111213.3859,105630.0908,123462.3279,47560.30104
6/30/2010,164000.3248,169092.6364,120173.4254,189416.8729,149677.1542,133537.8925,260904.552,143781.425,143181.2538,128450.1628,140684.8468,110406.2764,104804.4744,122677.437,47273.01089
7/31/2010,161826.5503,167338.0304,118585.0183,188478.6929,148811.3666,132460.4321,257847.2514,143308.7441,142336.7679,128060.8511,139841.0321,109590.8709,104019.0933,121879.4475,47002.76173
8/31/2010,159676.5845,166007.1332,118596.7399,187655.6408,148458.2507,131868.7588,254548.8822,142696.9313,141228.8207,127102.674,138701.0183,108637.4228,103070.3084,120852.9947,46552.92923
9/30/2010,156794.8981,164613.997,120287.5199,186927.0875,149096.5932,131067.0091,250896.395,141962.3894,139725.96,125777.1127,137294.7364,107594.2144,101988.611,119575.9496,46072.06219
10/31/2010,154824.0101,162748.1664,121484.8266,186082.6844,148029.5678,129904.0317,246843.1497,140958.4303,137909.2358,124293.0921,135731.7776,106450.7296,100773.4172,118048.6852,45352.35387
11/30/2010,152878.4421,160556.8146,121177.8151,184794.7938,144969.4775,128485.2782,243529.0576,139915.6865,136243.4569,123105.6954,134266.7274,105372.5331,99716.50643,116769.0869,44745.95026
12/31/2010,151095.9247,158843.1975,119434.8393,183733.3781,140813.458,126833.9694,239671.0013,138782.6364,134701.5885,122139.1421,132862.8519,104269.9306,98689.51374,115685.2923,44128.55209
1/31/2011,148887.7918,158199.6055,117470.1838,181726.7291,137214.1741,125581.5564,234788.0812,137827.5264,133298.5577,121151.763,131666.402,103094.0463,97697.00821,114843.455,43658.42196
2/28/2011,146923.6385,156985.8043,116030.2513,178623.7875,135730.3959,124417.0207,229958.8984,137059.9456,131788.276,120219.9371,130760.9489,102091.269,96815.31427,113976.7234,43267.64382
3/31/2011,145694.7452,155157.6045,114377.5499,175440.7289,134337.8584,123790.2798,226936.8117,136175.0264,130391.8833,119169.2566,129813.1115,101158.2331,95906.05092,113098.8305,42888.50355
4/30/2011,144278.6048,152519.6006,112617.6678,173569.9478,132856.3959,123214.7198,225212.565,135263.6941,129225.4633,118311.9232,128953.2346,100454.1477,95154.6236,112165.8091,42562.7917
5/31/2011,142836.9857,150170.4183,110338.3114,172833.1623,130588.4838,122696.939,223306.6179,134214.7581,128397.25,117677.895,128075.9588,99746.69256,94421.71804,111380.9371,42211.75316
6/30/2011,141148.7075,147882.1206,108767.0292,171247.8009,127990.861,121995.2653,220544.7255,133305.5175,127788.0357,117266.6057,127397.9834,99128.68784,93891.38018,110713.1787,41888.03959
7/31/2011,140425.183,145416.065,107156.2302,169106.7788,125701.1427,121311.2765,218247.3193,132633.748,127350.1218,117036.5252,126845.7774,98629.07986,93518.27088,110285.217,41773.23451
8/31/2011,140223.3142,143324.5933,106131.8463,167409.7184,123283.5777,121128.6255,217617.6634,132093.1529,126971.5045,116698.7581,126292.694,98283.61674,93132.97644,109841.6702,41678.56728
9/30/2011,140309.4149,141421.3953,105159.1462,166578.8644,121744.8042,121421.0386,218381.1875,131930.6441,126648.6583,116574.0882,126109.21,98296.78545,92986.91716,109790.2172,41717.88585
10/31/2011,140471.7397,140121.7337,104714.6052,166482.54,120380.4474,122023.648,220628.2621,131949.7002,126431.3653,116608.8905,126130.1754,98575.11823,92926.13734,109981.3047,41655.03129
11/30/2011,140518.3734,139081.8907,105092.0876,165844.698,119211.8301,122368.7246,222670.8083,132309.7763,126538.7359,116824.8537,126352.3897,98961.49243,93151.60345,110440.9653,41758.41474
12/31/2011,141444.8434,138170.1516,106601.9995,165397.1956,118648.6136,122373.2153,224388.4103,132851.7977,126947.8813,117324.3786,126592.3111,99273.05493,93453.45106,111013.4089,41888.74026
1/31/2012,142308.1142,137711.0722,107402.8754,165113.4153,118139.4307,122636.3365,223099.2048,133763.2998,127551.9122,118021.2445,127003.6479,99455.44452,93914.78768,112011.8628,42171.85141
2/29/2012,143554.6613,138058.2748,107426.1548,165448.3589,117507.73,122932.9425,220879.5377,134961.2832,128248.1654,118998.1537,127659.6025,99743.24924,94545.41181,113070.0429,42418.87105
3/31/2012,144544.144,139421.6606,106611.6984,166416.9395,115807.4495,123250.5488,218954.0492,136307.8977,129022.1658,119960.7519,128717.6054,100319.8292,95435.90253,113797.2968,42657.69713
4/30/2012,146390.4617,141391.5002,107187.4228,167703.5585,114388.1389,123174.749,219769.4787,137492.3436,130131.0985,120667.3863,130059.0657,101233.0457,96369.21874,114040.4,42676.28632
5/31/2012,149017.5566,143366.3822,108958.1419,169258.7389,113744.9862,123354.3901,221840.8952,138563.916,131446.9639,121030.2511,131524.0405,102270.0095,97550.75463,114266.0976,42803.53865
6/30/2012,152176.188,145356.3149,111685.6635,171300.3504,113786.4429,123812.3538,224272.2291,139434.5307,132856.8289,120795.4633,132602.367,102864.9236,98677.84262,114680.6736,43359.84565
7/31/2012,155706.5415,147182.4067,114702.0004,173501.2944,114099.6057,124449.8427,226687.2758,139922.9909,133578.0751,119965.6242,133460.7874,103101.5575,100425.2122,115155.0846,44271.25271
8/31/2012,159357.1731,148884.5963,117667.8207,175705.411,114398.4456,124845.9663,228912.5929,139799.0935,133869.1632,118896.75,134025.7281,103218.0628,102587.9356,115770.0227,45079.66109
9/30/2012,163269.4447,150686.0965,120544.3208,177770.5829,114842.3784,125137.4773,230928.3304,139464.0147,134232.0697,118425.1754,134746.8377,103666.8549,105335.5998,116567.8532,45543.59057
10/31/2012,166845.4102,152211.3835,123021.4247,179756.0196,115156.1065,125478.7411,233013.4393,139039.4374,134947.7726,118710.1101,135350.8201,104240.4355,108226.5651,117620.2105,45338.12199
11/30/2012,169984.2023,153657.7768,125128.8221,181910.6925,115390.9696,126215.9234,235226.9344,138870.7739,135949.0041,119120.27,135851.9276,104475.7747,110749.6644,118526.5276,44919.99744
12/31/2012,172501.3982,154787.3942,126630.3425,183981.8423,115356.645,127251.3708,237749.1716,138654.9104,136748.0222,119191.3738,136388.4051,104270.9959,113150.1707,118978.068,44380.57822
1/31/2013,174979.1078,155704.8091,128043.1,185767.2224,114867.6891,128622.784,239368.905,138540.9066,136601.1731,117551.6455,136442.3035,102975.0822,114286.4383,119195.5213,44450.59994
2/28/2013,177472.9557,156403.6343,129573.4861,187652.763,114215.2382,129987.0629,239390.8431,138403.9312,135634.5035,114761.2691,136298.5722,101235.474,114706.9134,119349.7556,44575.92209
3/31/2013,180224.9772,157105.5784,131602.8549,189770.8845,113980.099,131518.3204,238752.73,138689.3602,134633.5997,111751.435,136215.0355,99877.28785,114820.2137,120051.0434,44923.75151
4/30/2013,183303.7148,158209.8711,134162.1917,192646.0014,114561.3261,132802.2458,239287.3305,139178.4171,134738.581,110099.1297,137002.2644,99758.98068,116160.3421,120793.4803,45251.60022
5/31/2013,186745.6401,159676.0963,136953.4489,195706.0579,115880.552,134241.3331,241899.1196,139690.677,135717.6286,109448.7166,138047.0221,100938.1084,118450.9647,121566.3508,46151.0573
6/30/2013,190334.0586,161454.0637,139818.1184,199073.0754,117302.8368,135608.4142,245217.9727,139888.1148,137262.4419,109433.4589,139315.3493,102721.5479,120786.666,122422.7174,47358.14392
7/31/2013,193823.5833,163225.3021,142218.017,202209.9394,118592.5638,136993.7316,248453.3493,139470.9632,138633.9745,109737.5078,140387.7882,104492.721,122515.7757,123036.3656,48380.22939
8/31/2013,197187.389,165043.3623,144149.5118,205144.2549,119673.0492,138259.2782,251954.3684,138526.2065,140067.1401,110622.0036,141874.4875,105975.5288,123784.0033,123491.4937,48863.44281
9/30/2013,200373.7501,166595.1722,145741.8215,207532.1028,120522.2787,139218.3794,255743.1377,137250.3194,141043.7764,111295.621,143335.5818,107021.8105,125035.4759,123574.783,48752.46782
10/31/2013,203230.4535,167932.2864,147118.6194,209704.8512,121372.5552,140094.982,259308.7453,136040.057,142045.4977,112220.6292,144705.8963,108435.4621,126222.3349,123633.3944,48309.63015
11/30/2013,205380.4256,168860.193,148255.3913,211693.0579,121935.5443,140729.769,261416.642,135138.2587,143119.0684,113049.1898,145665.6244,109857.1867,127402.3919,123696.8653,48015.90683
12/31/2013,206902.3845,169513.5239,148827.9645,213801.993,122316.212,141574.2357,262789.0497,134526.5721,144289.7569,114056.0572,146544.2839,111408.8601,128245.1821,123910.2884,48380.98947
1/31/2014,208715.0196,169598.4779,149418.3671,215490.1696,122789.7385,142702.0982,264472.5433,133737.0484,145043.6027,114596.8312,147326.9741,111908.761,128712.1591,124170.9478,49291.16605
2/28/2014,210709.8926,169574.4359,150280.9039,216859.5197,123595.4046,143989.2509,266527.3144,132621.4067,145243.6837,115054.5909,148286.0293,111719.3147,129078.1121,124542.5404,50137.4559
3/31/2014,212729.7131,169594.5203,151581.1467,217912.3446,124669.3216,145025.0222,268610.7435,131132.6579,145259.3689,115653.601,149031.9807,111193.0918,129459.2827,124403.4722,50199.27425
4/30/2014,213940.7195,170243.4145,153049.1518,219220.3783,125848.0425,145603.9488,270599.1809,130195.3427,145865.7033,117011.6228,150117.406,111430.2461,130387.9322,124288.803,50162.36306
5/31/2014,214648.8992,171230.3322,154401.18,220952.5935,126970.0472,146090.2299,272880.036,130066.7202,146940.3998,118942.9711,150989.7337,112291.8794,131555.3367,124257.7242,50169.13653
6/30/2014,214967.7584,172064.9705,155612.0181,222932.7524,127908.8179,146651.1069,275190.9931,130526.6495,148319.025,120695.1141,151916.3748,113250.8782,132608.9233,124561.1227,50574.94691
7/31/2014,215155.4565,172891.1963,156341.2272,224945.9177,128631.3387,147293.1321,277024.0305,131034.7751,149485.556,122009.4476,152651.1413,114174.4913,133606.3951,125302.232,50822.32591
8/31/2014,215429.1457,173497.1266,156436.7584,226823.4849,129096.318,147746.6482,278817.4142,131007.3356,150434.1631,122478.9021,153675.0045,114822.1235,133814.1057,126031.0495,51030.92119
9/30/2014,215807.125,174157.0544,156324.4505,228540.2649,129409.4239,148068.0793,280675.4041,130474.3628,151009.3023,122468.5699,154603.385,115574.9777,133988.3277,126722.7716,51333.89524
10/31/2014,216053.457,174430.6305,156038.5954,230221.7487,129288.4316,148342.1771,282487.1505,129700.846,151575.5747,121971.5065,155380.6115,116032.2046,133746.824,127145.0458,51882.697
11/30/2014,216447.636,174671.7763,156153.5897,232183.9715,129292.2082,148997.648,283823.8454,129321.0148,152374.6736,121626.5238,156193.678,116612.6722,134293.689,127845.7225,52521.47976
12/31/2014,216873.6155,174778.603,156102.7354,234215.1141,129276.1487,149910.6825,284763.4968,129145.3633,153189.3805,121789.5677,156896.9013,117095.7577,135087.205,128767.9835,53055.20776
1/31/2015,217574.1243,174779.8597,156536.0916,236000.507,129585.836,151622.5922,286715.4814,129038.9543,154154.8244,121003.3781,157911.9665,117588.7357,136070.7246,129849.2091,53398.72114
2/28/2015,218431.5729,174774.701,157202.0499,237457.0595,130042.3705,153721.1574,289182.1371,128633.7266,155102.7287,119375.2746,159046.6707,118377.346,136957.1325,130467.147,53407.1239
3/31/2015,219612.766,174949.2001,158416.1093,238840.5692,130771.3567,155857.5606,292057.3468,128308.1272,156371.128,117457.6336,160703.8396,119398.0703,137776.2188,130744.2622,53433.54691
4/30/2015,220990.6165,175501.4497,159714.157,240585.0487,131581.4575,157353.3744,294378.5045,128175.227,157796.4644,117138.5809,162520.1566,120642.0834,138479.3687,130674.1447,53689.9301
5/31/2015,222636.4667,176231.0213,161163.2548,242248.197,132308.7418,158443.8845,296717.6212,128312.5699,159045.4507,117992.5162,164079.1044,121791.0489,139246.991,130800.1304,54323.31736
6/30/2015,224323.7063,176870.8113,162409.2606,243914.2702,132949.9864,159459.7267,298740.4889,128308.9004,160060.7824,119012.6393,165178.3782,122933.6642,139847.9076,131489.2487,54836.59913
7/31/2015,226188.3695,177471.9124,163338.6708,245628.1947,133472.6098,160429.9246,300538.9725,128203.5927,160696.0884,120074.4921,165993.7229,124363.4588,140432.8967,132797.8554,55281.44413
8/31/2015,228181.2584,178035.7071,163982.1259,247559.9839,133984.3994,161251.4436,302240.272,128031.9798,161372.621,121047.504,166978.9759,125651.8628,140710.2744,134538.5917,55517.38945
9/30/2015,230407.6138,178840.1323,164753.4629,249456.102,134541.095,161792.4682,304025.4112,128114.6855,161898.6741,122184.8958,168075.9092,126855.1857,140815.4698,136100.8329,55839.1061
10/31/2015,232690.3189,179544.3118,165791.9527,251573.1031,135111.4119,162327.3284,305722.076,128499.923,162372.1045,123370.9503,169082.5283,127951.0635,140898.6378,137414.4097,55927.89819
11/30/2015,234975.201,180341.8536,166959.2334,253739.9071,135415.5492,163071.6227,307025.2915,128973.776,162702.5197,124853.046,169808.5061,128868.9736,140745.7915,138407.0675,56065.53682
12/31/2015,237108.5869,180949.8897,167939.1919,256162.397,135314.0069,164230.2568,308541.1614,129632.0951,163171.1594,126670.3362,170357.9151,129564.004,140891.3418,139516.2722,56246.46298
1/31/2016,239471.369,181796.0286,169754.4509,259668.8469,135364.5081,166100.3405,310798.3217,130123.1804,164240.2054,128843.0459,170853.1779,130198.3941,141219.0436,140843.9378,
2/29/2016,241480.737,182584.2907,171975.183,263322.4519,135615.8707,167956.8582,312944.7441,130215.0632,165489.4386,130803.6267,170959.0007,131049.445,141545.4493,141789.5735,
3/31/2016,242854.1794,183239.4249,174426.1488,266277.0631,136117.6486,169485.5109,314573.5612,129898.0676,166721.747,132335.6211,171097.542,131754.8059,141621.6911,141945.9443,
4/30/2016,243672.4381,183673.8551,176195.3304,267372.8778,136647.1659,169988.5745,315440.0759,129541.0357,167631.8761,133615.9229,171845.6553,132525.076,141590.7582,141628.14,
5/31/2016,244504.6083,183902.578,177584.5664,267640.9467,137151.8882,170144.2877,316819.853,129255.0605,168418.2673,134842.8523,172921.7468,133072.282,141624.2962,141488.6702,81172.08466
6/30/2016,245567.2607,184173.0988,178563.0169,267807.9303,137736.7889,170246.6202,318434.8492,128954.3795,169086.0517,135973.1123,173767.9667,133592.0726,142055.6756,141857.3821,82073.24471
7/31/2016,246656.2513,184578.1349,179127.667,268178.1795,138112.6343,170619.6967,320595.4699,128707.7097,169553.2949,136856.3985,173819.6316,133531.2153,142393.0023,142083.7727,82522.67738
8/31/2016,247631.6684,185284.7758,179400.5111,268576.6514,138617.4484,170957.2797,322899.5102,128878.1588,169985.5026,137757.9605,173916.2459,133328.8197,142805.2643,141910.3367,82676.98386
9/30/2016,248875.5008,186377.0034,179884.5896,269097.1982,139073.9223,171400.2972,325306.0229,129380.3119,170426.0793,138901.1814,174406.687,133226.8988,142976.376,141413.2029,82958.26039
10/31/2016,250107.1,187522.5724,180407.2082,269859.3252,139713.9814,171827.0471,327503.5165,130038.7338,171110.9066,139722.6403,175176.1456,133613.3602,143340.8617,141329.9764,83363.08313
11/30/2016,251325.212,188804.5769,180938.4431,271095.9718,140326.1438,172644.8227,329150.2819,130582.5947,171969.6874,140589.2129,176014.9073,134203.1071,143803.4058,141781.0236,84294.61405
12/31/2016,252509.8858,190006.8936,181327.2827,272675.8997,140854.9336,173517.5684,331116.4131,131107.4615,172870.7845,141328.1679,176883.0655,134888.3709,144101.7718,142354.719,85164.56825
1/31/2017,253683.4333,192091.9197,181822.6641,274151.7098,141102.8475,174471.8946,333976.3289,131480.568,173819.7485,142972.1811,177571.501,135264.9213,144606.3819,143251.621,86095.86714
2/28/2017,255078.9456,194195.3897,182485.5803,275773.1273,141075.2527,175294.6124,338270.9296,131823.4165,174771.817,145161.4405,178071.2219,135882.5023,145126.1719,144371.034,86315.57132
3/31/2017,256607.5702,195775.0852,183691.2044,277570.453,141268.1683,176217.5541,342631.3764,132038.2,175783.8586,147527.0363,178382.9458,136703.585,145844.7843,145731.9958,85564.43959
4/30/2017,258233.6114,196132.1914,185228.2379,279680.0727,141821.9165,177495.2387,346199.5186,132335.2302,176891.1288,149322.568,179187.1466,137313.4537,146541.439,147134.9184,83850.57077
5/31/2017,259735.8542,195838.5453,187063.9986,281378.6635,142710.4098,178878.3434,348459.0567,132484.7173,178063.3314,150227.189,179982.7729,137395.9202,147045.7533,147995.3212,82107.6209
6/30/2017,261201.2262,195927.9381,189023.8183,283215.7427,143718.0089,180651.7188,350034.6181,132799.4654,179312.8862,150734.5506,180770.6832,137152.6386,147419.549,148250.0518,80226.89536
7/31/2017,262600.6303,196151.3592,190783.0468,285195.4266,144724.8049,182116.6438,351132.2093,133398.5617,180438.5728,151438.1171,181308.79,137471.6627,147565.1376,147759.777,79081.75409
8/31/2017,264061.1175,196697.2652,192316.5041,287369.2545,145527.8496,183524.7575,351985.9909,134431.2857,181572.5753,152261.0998,182360.3536,137970.9597,147614.9005,147364.1517,78879.38933
9/30/2017,265577.6613,197299.1463,193544.6884,289367.882,146199.5468,184619.5411,352842.4228,135446.1538,182865.7037,153105.0969,183447.1178,138797.2544,147572.9319,147484.5737,79511.6642
10/31/2017,267166.9356,197997.5064,194885.4405,291237.0642,146749.8364,185907.8645,353530.5895,136260.9902,184032.0684,153633.5559,184681.0697,139440.5204,147451.4965,147801.6053,80345.14471
11/30/2017,268490.1655,198810.5068,196181.1109,293455.596,147561.1727,187367.0219,353834.9869,136891.0101,185061.9903,153978.4698,185715.7196,140234.2877,147463.4374,147872.7404,80861.07441
12/31/2017,269834.8659,199679.4712,197349.5953,295974.0643,148327.2679,188940.139,354120.1297,137362.2327,185843.7807,154157.971,186908.3468,140776.4254,147576.6433,147893.7545,81345.40036
1/31/2018,271535.0468,200392.7058,198369.0343,298557.0646,149245.5735,190330.6274,355917.2641,137828.0145,186693.909,154182.6763,188388.8662,141734.0994,148012.9438,147704.4924,80278.96558
2/28/2018,273576.2227,201102.7217,199622.714,301003.6735,150047.1693,191566.9127,358536.8981,138317.9419,187684.4932,154480.4213,190302.1017,142931.9622,148800.0257,147628.0811,77754.82564
3/31/2018,275576.4142,201766.0995,201508.5606,303297.9923,150994.6839,193108.479,361442.6655,139111.6218,188767.3786,155192.5009,192258.7199,144517.7026,150007.3651,148389.5066,74932.13676
4/30/2018,277196.5335,202599.0374,203766.5147,305326.9086,151831.6052,194746.6664,363378.3221,139535.0313,189558.0356,155284.4587,193362.2933,145646.9547,150778.9566,149431.6202,72520.49673
5/31/2018,278953.0301,203586.5417,206507.6099,307097.4191,152609.3712,196660.3478,365744.473,139885.5168,190105.5446,154812.1345,194075.7382,146462.0444,151217.2994,151056.2563,71033.23346
6/30/2018,280783.4751,204718.5586,209122.32,309106.2557,153372.0541,198501.2718,367996.1621,140003.5675,190965.9523,154184.1635,195001.9272,146866.6873,151213.4092,151939.9168,69759.5052
7/31/2018,282991.4817,206217.3304,211740.0017,311704.1515,154160.3043,200662.9968,370031.1393,140451.024,192423.405,154431.0505,196378.8047,147305.6792,151580.8535,153115.0821,68898.33464
8/31/2018,285028.2655,207694.5172,213737.677,314580.1414,154815.7063,202875.8407,370935.2295,140824.2224,194075.9214,155184.0496,198097.482,148003.2349,152263.432,154227.2324,68297.98102
9/30/2018,286997.6661,209229.0846,215325.9248,316971.454,155403.5974,205073.9334,371320.3792,141476.187,195639.7918,155877.7753,199616.9454,148873.3845,153183.5828,155484.173,67921.7994
10/31/2018,288595.9061,210585.8656,216750.0616,318933.0714,156120.1413,207143.2083,371431.2316,142181.9795,196844.6458,155911.7119,200661.2608,149586.2975,153729.6715,156367.0613,67790.81897
11/30/2018,289994.8325,211851.2676,218267.6763,320778.9463,157247.3995,209134.3631,371683.1265,143127.8815,198137.7988,155571.098,201271.2681,150277.2031,154195.8379,156984.9011,67910.45901
12/31/2018,291166.7396,212879.6867,219745.7481,322486.0701,158254.7461,211039.5017,372471.3771,143942.5745,199255.1154,155340.1909,201868.8896,151074.6665,154552.0465,157520.3382,67787.9561
1/31/2019,292484.7308,213688.5452,221589.5356,324718.9048,159415.42,212817.5625,374882.6223,145148.7332,200876.1383,155898.9827,203517.6053,152700.0102,155787.6215,158337.1507,68271.37022
2/28/2019,294021.512,214771.1338,223734.2293,327729.1245,160582.5591,214730.9179,378510.4633,146903.5411,203171.2069,157325.8361,205932.2476,154595.0655,157764.4471,159629.5043,69571.07444
3/31/2019,295448.2054,216006.8269,225920.4343,330966.9873,161971.5196,216511.1405,382028.2822,149165.0842,205661.2632,159005.8963,208703.7487,156617.1858,160299.8832,161472.278,71862.34814
4/30/2019,296634.9628,217325.4554,227462.0769,333416.902,163146.4845,218163.8082,384006.0565,151347.0451,207647.7179,160582.8775,211098.869,157834.8816,162607.4179,163501.2524,74237.88405
5/31/2019,297522.0693,218481.4769,228504.8835,334986.9921,163987.6744,219346.1588,384988.5333,153242.9307,209029.4627,161787.6728,213166.7906,158470.9654,164260.1705,165343.5983,76639.20109
6/30/2019,298469.7556,219646.9814,229396.2402,336394.0846,164706.8701,220543.9416,386062.3175,154985.987,210281.7522,162912.9764,215007.4294,159180.152,165906.0873,167162.3078,78720.82675
7/31/2019,299347.4199,221095.0324,230427.3287,337552.7287,165237.1037,221906.9085,387129.309,156584.4744,211440.3268,163690.1221,216451.3889,160135.8398,167197.989,168601.9,80232.01681
8/31/2019,300536.6275,222519.5235,231541.3073,338657.8948,165840.3311,223576.4601,388336.8541,158277.3207,212455.0357,163993.2173,217738.5852,161514.8675,168658.0886,169922.6983,81146.46225
9/30/2019,302114.0968,223993.6266,232748.1787,339699.1523,166232.9036,225231.7078,389737.3763,159686.8512,213374.9348,163773.2967,218833.5664,162498.9813,169940.7072,170645.0719,81877.55538
10/31/2019,304095.3497,225362.8476,233973.1237,340950.0965,166944.9211,226874.2693,390950.4847,161082.3088,214600.5503,163768.9551,220127.8397,163261.2584,171817.261,171550.0822,83152.14549
11/30/2019,306433.8655,226857.7367,235263.5634,342556.0848,167855.8385,228675.3845,392277.1819,162246.5081,215944.534,163982.944,221286.5515,163873.5802,173727.039,172876.9349,84093.48527
12/31/2019,308819.6569,228330.0989,236541.7735,344427.4126,168931.5772,230689.0342,394101.4977,163238.7471,217406.4444,164281.8252,222654.8615,164828.1147,175760.6833,174598.6576,84934.75234
1/31/2020,311805.4424,229881.6006,238251.7212,346820.3938,170361.0858,232065.7788,398291.6083,164519.1199,219140.8086,164378.2205,223666.3277,166240.1404,177464.5817,175415.2968,84993.8107
2/29/2020,315234.2785,231117.8611,240208.7932,349376.7803,171898.089,232912.6442,403117.6143,166073.6209,221089.184,164837.6176,224466.8495,167819.9734,179375.4663,175441.0391,85064.61036
3/31/2020,319234.2763,232382.9351,242408.5164,352182.4336,173664.1456,233581.8338,407534.786,168108.2757,223447.586,165758.969,225227.4031,169265.7842,180844.9202,175256.6145,85175.03886
4/30/2020,322874.2984,233488.076,244279.5034,354578.3292,175031.8757,234762.9124,410364.8158,169805.4746,225814.9692,166811.327,226542.3355,170473.0387,182290.1847,175911.2924,86147.93647
5/31/2020,325379.7096,234508.6043,245951.545,355681.6932,175761.3293,235909.1075,411170.0464,170633.3981,227697.7483,167720.9557,227751.7321,171482.0012,183113.0672,176779.9192,87660.61822
6/30/2020,327063.5084,235474.9882,247654.7583,356387.5809,176481.9456,237467.7233,411377.7395,170686.8761,228910.4311,168640.7253,228857.4597,172757.5033,184142.7986,177900.3087,88913.39371
7/31/2020,328710.7779,237004.6997,249775.9558,357753.0295,177486.2488,240041.4804,411678.9219,170768.7523,230175.7055,170489.5426,230136.173,174623.4857,185364.0614,179715.2537,89720.84302
8/31/2020,331533.6671,239496.474,252610.2086,361012.6204,179225.9398,243917.0126,414351.588,171559.5655,232391.1628,172891.3439,232477.3272,177254.3359,187103.2597,182422.1066,90726.27234
9/30/2020,335590.7946,243055.8923,256587.5187,365937.6563,181425.7336,248825.2683,419197.9197,173380.2732,236172.227,175795.3778,236117.5772,180344.56,189305.3692,185821.8249,92350.14487
10/31/2020,340302.9497,247053.2668,261355.2741,371898.3988,183973.143,253427.5431,425533.8751,175094.0405,240747.3105,178183.663,240218.9605,183782.3583,191153.866,189040.9389,94053.36961
11/30/2020,345393.1206,251609.8503,266898.2871,378480.1008,186897.109,257933.5071,432735.8269,176739.0876,245969.5761,180717.5984,244442.1169,187389.6305,192776.6968,191992.8832,95143.91662
12/31/2020,350655.4298,256129.792,272569.8139,384883.422,190041.0221,261974.7092,440397.2502,178081.4889,251555.2871,183477.6752,248598.174,191235.6636,194056.4941,194440.421,95771.49391
1/31/2021,356201.3301,260474.7998,278418.179,390855.999,193295.3231,266228.2923,448074.0716,179712.0324,257471.5072,187241.1622,253304.0898,194941.1373,195742.306,196869.1454,96640.90022
2/28/2021,362026.1823,264343.6473,284486.2218,396820.7589,196732.7704,271078.2663,456802.0714,181783.9015,263737.1722,191953.3763,258871.8234,198595.3347,198108.6562,199767.0139,97527.75718
3/31/2021,368270.8102,268476.6491,291877.8023,403279.3125,200421.9509,277033.8263,466305.3281,183793.4142,270935.3919,197005.4229,264902.38,202107.7412,200780.566,202818.79,98814.20834
4/30/2021,374977.882,273148.1161,300488.3838,411011.2316,204292.3637,284361.2097,477049.0071,185992.6053,279214.5936,202167.7048,271326.7336,205735.5582,203578.0227,206565.3558,100214.8654
5/31/2021,382364.3198,278668.6922,310289.5591,420157.2937,208517.577,292424.297,488966.1034,188577.2363,288268.3783,207339.1993,277874.5219,209587.5222,206290.7184,210385.0849,102182.9288
6/30/2021,390433.9346,284634.6814,320434.7702,430275.2274,213150.7719,300544.8588,501895.8465,191913.0331,297060.403,213442.6592,284741.4636,214289.0853,209388.5995,215439.581,104572.0164
7/31/2021,398450.5373,290882.1646,330523.0828,439552.9525,217541.9343,307771.1449,513326.5053,195452.1675,304754.8558,219608.7272,291114.1836,218620.242,212658.7009,221066.421,106702.0553
8/31/2021,405940.2694,296547.7687,339835.5809,446627.3099,221042.7605,313715.7616,522112.7661,198551.1617,310482.001,225168.8092,296268.6409,222280.9629,215544.668,226783.9827,107665.8553
9/30/2021,412729.4054,301530.7882,347948.1619,451769.5522,223546.4395,317796.3422,527806.9275,201004.2967,314673.9025,229001.868,300683.7899,224641.5202,217723.0383,230996.0309,107353.8597
10/31/2021,419195.4838,305785.3841,355224.9316,456515.7637,225808.1111,320999.805,533750.9893,203009.7765,318008.5172,232172.8254,304748.3196,226542.3496,219464.7597,234227.778,106116.7921
11/30/2021,425596.9555,309774.7692,361931.7166,462023.9198,228445.319,323733.329,540016.6892,204984.8683,321837.3056,235251.3842,309671.9454,228262.5643,221448.9027,237424.3205,105479.9637
12/31/2021,431639.4741,313340.6348,367830.5271,467878.7922,231553.8182,326868.1966,547822.7841,206839.2704,325595.9019,239126.8742,314187.0804,229662.6737,223559.5743,241226.9924,105185.1897
1/31/2022,438232.4344,316666.5258,373428.7929,473856.9805,235812.3506,330295.8684,557436.569,209376.9332,329974.9832,243190.4865,318703.0963,232078.9927,225204.1089,244248.7639,106280.0606
2/28/2022,445541.7675,320530.5692,379568.605,480310.7965,241137.5418,334550.2068,570014.5937,212585.2772,334977.9971,247247.5933,323806.5111,235264.8879,226407.9524,246032.7158,107709.8588
3/31/2022,454072.9493,325343.3048,387047.5906,488626.3499,247175.3915,339833.818,585663.7471,216524.7829,341068.7698,250779.5532,330262.7922,239375.8423,227332.2525,247754.9119,109135.8343
4/30/2022,463118.382,331131.6337,395405.4802,498126.1141,253086.8571,346403.637,602185.1432,220633.2841,348417.8339,254452.0967,337730.0334,243893.3387,229267.4604,251043.5299,110699.3317
5/31/2022,472038.1292,337145.5927,403640.6594,507419.4953,258325.6779,353318.3966,616645.4381,224405.4751,356130.7558,258016.2195,344491.3807,248341.787,231776.2143,255821.1692,112769.9913
6/30/2022,479529.2057,342918.9122,410789.3251,514309.3077,263030.5603,359600.8312,626861.4286,228081.9764,363537.7264,261980.067,350166.6428,252903.6166,235264.5127,260877.9171,115640.8132
7/31/2022,483360.1761,346859.6792,414652.7384,516650.4882,266076.649,362960.0486,629698.9055,230215.6546,367465.3175,264028.562,353444.3952,255889.1106,237818.8675,265333.5273,116738.9169
8/31/2022,482830.9238,348040.4372,414238.8,514538.2782,267199.4224,362790.0596,625934.216,230588.4848,367647.2473,263829.8466,353905.816,257371.4779,238892.4725,268001.4658,116128.8658
9/30/2022,478417.7711,346662.7505,409455.7693,508782.6365,266863.6061,359802.1297,617320.4914,229530.4932,364346.1281,261457.3271,351345.3928,256791.5854,238278.592,268870.0998,113965.7374
10/31/2022,472699.6337,344816.4905,402693.3339,503239.8189,266415.4823,356444.0405,609701.2711,228376.5001,360435.352,259114.2859,347857.6336,255346.8671,237297.1679,267831.5941,111874.7956
11/30/2022,466531.7282,342868.3968,395131.2215,498012.2205,266111.4542,352551.774,603709.989,227307.497,356328.9088,257312.9364,344019.3925,253191.0002,236599.6047,265826.8479,110151.9326
12/31/2022,460027.7645,340748.5946,387315.5927,492927.7922,265386.9375,348191.1283,597885.2978,226043.9356,352175.5463,255399.1171,340003.8316,251177.0475,236115.1965,263191.4396,109138.9142
1/31/2023,454774.2193,338632.4484,380285.6177,488383.9323,263962.8494,344227.3161,593036.5265,226257.0947,349527.6101,254876.0925,338496.9452,249837.6667,236814.0742,262049.1453,111360.7799
2/28/2023,450999.5035,337698.6773,375252.2894,486213.3788,262908.7114,341655.3146,593997.632,227203.0791,348280.0262,255615.0627,338666.7309,249421.0411,237671.366,262336.2235,113989.8286
